Word,FREQcount
褔褌芯,3552532
褝褌芯,2640455
泻邪泻,1174339
薪械褌,1049935
褌邪泻,995583
械谐芯,752429
胁褋械,722378
械褋谢懈,631191
芯薪懈,534808
械褋褌褜,450986
写谢褟,427940
泻芯谐写邪,421340
蟹写械褋褜,410266
褌芯谢褜泻芯,383956
胁褋械,373088
斜褘谢芯,371183
屑芯卸械褌,357142
胁芯褌,340913
斜褘褌褜,313741
泻褌芯,299982
斜褍写械褌,298842
锌芯褔械屑褍,295613
芯褔械薪褜,281777
褍卸械,278258
褋锌邪褋懈斜芯,273631
懈谢懈,272568
械褖械,268978
褌邪屑,264211
褋械泄褔邪褋,254448
谐写械,254081
褔械屑,253382
薪懈褔械谐芯,248396
屑芯泄,234913
锌芯褌芯屑褍,218628
褌械锌械褉褜,216086
斜芯谢褜褕械,202968
褉邪蟹,193840
薪邪写芯,189178
胁褉械屑褟,189069
褝褌芯褌,184623
械褖械,179679
锌芯泻邪,179122
锌褉懈胁械褌,177992
褋械斜褟,172907
写芯谢卸械薪,169695
褌芯卸械,167958
薪懈泻芯谐写邪,161918
褌芯谐芯,161739
褌芯谐写邪,159343
褌褍褌,154726
泻芯薪械褔薪芯,154334
锌褉邪胁写邪,154307
锌芯卸邪谢褍泄褋褌邪,140855
褋泻邪蟹邪褌褜,139229
褋械谐芯写薪褟,136912
芯写懈薪,135623
褋褞写邪,130931
褋写械谢邪褌褜,126604
胁褋械谐写邪,126030
写械谢芯,123228
屑芯卸薪芯,123056
斜械蟹,119843
写械薪褜,118088
褌芯屑,117709
写械谢邪褌褜,112020
褔械谐芯,111052
屑薪芯谐芯,109541
锌芯褋谢械,109028
胁褋械谐芯,107074
褌胁芯泄,105811
谢械褌,102100
斜芯卸械,101843
褋褝褉,101299
胁械写褜,100777
屑懈褋褌械褉,99992
卸懈蟹薪褜,99632
锌芯褌芯屑,99575
褌邪泻芯泄,99052
泻芯褌芯褉褘泄,96989
褔械褉械蟹,96333
薪械屑薪芯谐芯,95662
褋谢懈褕泻芯屑,94429
褋械斜械,94381
蟹邪褔械屑,93100
谢褞写懈,90224
褔械谢芯胁械泻,86853
锌芯写,86143
薪邪蟹邪写,85317
屑邪屑邪,82770
胁屑械褋褌械,82533
芯褌械褑,82443
写褉褍谐,80587
薪懈泻褌芯,80070
锌芯褝褌芯屑褍,78189
写胁邪,77008
褌芯褌,76641
褋泻芯谢褜泻芯,76611
褋薪芯胁邪,76265
锌芯屑芯褔褜,73512
屑械褋褌芯,71757
蟹薪邪褌褜,71476
锌邪褉械薪褜,70820
写芯屑芯泄,70755
写械薪褜谐懈,69831
写芯屑邪,68664
懈屑械薪薪芯,68567
写芯泻褌芯褉,67918
锌芯谐芯胁芯褉懈褌褜,66462
薪邪泄褌懈,66209
褉邪蟹胁械,66146
谢懈褕褜,65808
邪谐邪,65490
褋邪屑,64565
褌械屑,63890
褌褉懈,61773
谐芯胁芯褉懈褌褜,61591
褋芯胁褋械屑,61240
泻邪泻芯泄,60477
写芯屑,59974
写芯谢卸薪芯,58386
锌褉芯,58180
胁邪褕,57938
卸邪谢褜,57474
褌褍写邪,57308
锌邪锌邪,56693
蟹邪胁褌褉邪,55928
芯薪芯,55655
褔械褉褌,55607
锌械褉械写,54678
薪邪褕,54529
芯褌褋褞写邪,54249
褋胁芯泄,53410
泻邪卸写褘泄,52005
懈屑褟,51199
锌褉芯褌懈胁,50836
褔械屑,49969
褉邪薪褜褕械,49196
斜芯谢械械,49014
懈褌邪泻,48940
锌褉懈,48916
胁芯芯斜褖械,48657
屑邪褌褜,48327
薪械谢褜蟹褟,48309
褉邪写懈,47155
褉械斜褟褌邪,46567
褏芯褌褟,46068
懈写褌懈,45654
芯褌泻褍写邪,45596
写褉褍谐芯泄,45087
胁懈写械褌褜,43923
薪邪写,43810
褉邪胁薪芯,43637
屑懈褋褋,43522
斜褍写褌芯,43328
屑械卸写褍,42378
胁芯锌褉芯褋,41857
锌芯褔褌懈,41718
褏芯褌褜,40250
褉邪斜芯褌邪,40211
褋褘薪,40105
锌芯褉邪,39964
卸懈褌褜,39785
谐芯褋锌芯写懈,39600
胁械褋褜,39373
褍斜懈褌褜,39356
薪芯褔褜,39231
锌械褉胁褘泄,37559
锌褍褋褌褜,37504
褉邪写,36727
屑懈褋褋懈褋,36111
懈薪芯谐写邪,36085
斜褉邪褌,35930
胁褉芯写械,35897
褉褟写芯屑,35793
屑懈褉,35680
锌芯屑芯褖褜,34858
薪邪褋褔械褌,34635
胁褔械褉邪,34622
褍胁懈写械褌褜,34406
锌芯泄褌懈,33908
褉邪斜芯褌邪褌褜,33587
写胁械褉褜,33577
卸械薪褖懈薪邪,33537
泻褉芯屑械,33324
斜褍写褜,33311
蟹写芯褉芯胁芯,33129
薪芯屑械褉,33102
锌褉芯斜谢械屑邪,32987
褔械褉褌,32881
褏芯褉芯褕懈泄,32663
写邪谢褜褕械,32290
胁械褉薪褍褌褜褋褟,32265
写邪胁薪芯,32247
锌芯褋谢械写薪懈泄,32206
褍蟹薪邪褌褜,31995
锌褟褌褜,31874
褌邪泻卸械,31756
胁械褔械褉芯屑,31577
写械褌懈,31434
芯锌褟褌褜,31397
褋薪邪褔邪谢邪,30957
卸械薪邪,30704
薪芯褔褜褞,30220
胁蟹褟褌褜,30141
褋褉邪蟹褍,30132
褍褌褉芯屑,30109
褔邪褋褌褜,30091
褋褌邪褌褜,29711
懈写械褟,29633
褋械褉写褑械,29016
屑芯屑械薪褌,28780
褍褌褉芯,28764
斜芯谢褜褕芯泄,28409
谐芯写,28330
褍泄褌懈,27794
泻邪锌懈褌邪薪,27555
谢褞斜芯胁褜,27505
写芯褔褜,27412
薪芯胁褘泄,27283
褋褌芯谢褜泻芯,26881
写邪褌褜,26825
写械胁褍褕泻邪,26756
胁械褔械褉,26612
芯斜邪,26584
褕邪薪褋,26416
锌褉械卸写械,26389
锌芯薪褟褌褜,26226
褉邪褋褋泻邪蟹邪褌褜,26144
斜芯谐,25920
蟹邪褌械屑,25898
芯斜芯,25824
褋邪屑褘泄,25746
胁芯薪,25698
褔褌芯斜,25591
锌芯胁械褉懈褌褜,25583
褋谢芯胁芯,25563
芯写薪邪卸写褘,25033
锌芯谢褍褔懈褌褜,24831
邪谢谢芯,24674
锌芯褋屑芯褌褉械褌褜,24666
褌械谢芯,24547
谢懈褑芯,24022
褌械谢械褎芯薪,23675
褔械褋褌褜,23657
谐芯褋锌芯写懈薪,23619
锌谢邪薪,23550
褔邪褋,23538
薪邪褋泻芯谢褜泻芯,23299
锌芯蟹写薪芯,23235
褋械褋褌褉邪,23033
褋谢械写褍褞褖懈泄,22874
泻褋褌邪褌懈,22754
谐芯褉芯写,22582
胁薪懈屑邪薪懈械,22551
泻芯褎械,22518
褋械屑褜褟,22392
泻芯薪械褑,22370
锌芯蟹卸械,22329
写褍屑邪褌褜,22270
褋锌邪褌褜,22161
芯褋褌邪褌褜褋褟,22135
泻褉芯胁褜,22028
芯褉褍卸懈械,22008
褏褍卸械,21993
写芯褉芯谐芯泄,21901
锌芯谢懈褑懈褟,21832
褔械褌褘褉械,21692
卸写邪褌褜,21611
褋锌芯褋芯斜,21588
褋屑芯褌褉械褌褜,21445
械写懈薪褋褌胁械薪薪褘泄,21401
胁锌械褉械写,21361
屑褍卸,21149
屑邪褕懈薪邪,21008
褋屑芯谐,20850
懈谐褉邪褌褜,20812
锌械褉械胁芯写,20654
胁薪褍褌褉懈,20397
写芯斜褉褘泄,20267
褉械斜械薪芯泻,20198
屑邪谢褜褔懈泻,20166
写邪谢械泻芯,19854
胁芯泻褉褍谐,19795
锌褉懈褟褌械谢褜,19662
屑褍卸褔懈薪邪,19534
胁械褉薪褍褌褜,19439
褋屑械褉褌褜,19437
写胁芯械,19304
褉械褕械薪懈械,19240
锌褍褌褜,19228
薪械褍卸械谢懈,19139
芯泻芯谢芯,19138
懈褋褌芯褉懈褟,19002
胁写褉褍谐,18999
褋锌褉芯褋懈褌褜,18993
胁褌芯褉芯泄,18915
胁懈薪邪,18899
褕芯褍,18718
斜芯谢褜薪芯,18711
薪邪锌褉懈屑械褉,18517
写械褉褜屑芯,18510
薪邪褔邪褌褜,18483
谢褍褔褕懈泄,18458
写芯斜褉芯,18435
褋锌邪褋褌懈,18427
芯褋褌邪胁懈褌褜,18304
屑懈谢褘泄,18034
锌芯谢薪芯褋褌褜褞,18026
谢械写懈,17964
褋谢褍褔邪泄,17881
褍斜懈泄褋褌胁芯,17824
懈褋锌芯谢褜蟹芯胁邪褌褜,17700
褔褍褌褜,17579
褋胁械褌,17428
懈屑械褌褜,17380
褕械褋褌褜,17214
写械褌泻邪,17134
写械胁芯褔泻邪,17044
屑邪谢芯,16966
薪邪褋褔械褌,16864
褋芯芯斜褖械薪懈械,16854
邪谐械薪褌,16748
胁屑械褋褌芯,16738
薪邪褋褌芯谢褜泻芯,16699
芯褌胁械褌,16697
写械褌械泻褌懈胁,16648
褉芯写懈褌械谢懈,16617
锌芯泻邪蟹邪褌褜,16613
屑邪谢械薪褜泻懈泄,16519
锌芯卸邪谢芯胁邪褌褜,16443
谢懈斜芯,16417
蟹邪斜褉邪褌褜,16381
锌芯谢,16199
芯褋褌邪薪芯胁懈褌褜,16180
褍斜懈泄褑邪,16102
屑邪写邪屑,15916
胁褘泄褌懈,15884
胁芯蟹屑芯卸薪芯褋褌褜,15739
褍卸懈薪,15699
泻褍锌懈褌褜,15632
锌芯蟹胁芯薪懈褌褜,15605
薪邪泻芯薪械褑,15577
谢褞斜芯泄,15488
胁褘斜芯褉,15343
薪邪褋褌芯褟褖懈泄,15134
胁褋褌褉械褌懈褌褜褋褟,15064
斜芯谢褜,14955
胁褘锌懈褌褜,14948
锌褉械写褋褌邪胁懈褌褜,14926
屑邪谢褘褕,14914
芯泻械泄,14902
褉械褔褜,14896
锌褉械蟹懈写械薪褌,14778
屑褍卸懈泻,14777
写械褋褟褌褜,14695
褍屑械褉械褌褜,14677
懈褋泻邪褌褜,14662
锌懈褋褌芯谢械褌,14643
锌褉懈薪褟褌褜,14496
斜芯褋褋,14469
写械褉卸邪褌褜,14456
褎懈谢褜屑,14446
褉邪薪芯,14411
褋谢芯胁薪芯,14393
锌褉懈褔懈薪邪,14391
锌芯写褍屑邪褌褜,14276
胁械褋褌懈,14251
胁械褖褜,14238
斜谢懈薪,14164
锌褉邪胁芯,14134
胁胁懈写褍,14114
锌芯写邪褉芯泻,14060
锌芯蟹胁芯谢懈褌褜,13971
薪邪屑薪芯谐芯,13854
锌褉械写谢芯卸械薪懈械,13757
褋褔械褌,13724
褋褉械写懈,13571
屑械褋褟褑,13537
锌褉芯胁械褉懈褌褜,13535
谐芯谢芯褋,13514
锌褉芯胁械褋褌懈,13387
懈谐褉邪,13285
锌芯蟹薪邪泻芯屑懈褌褜褋褟,13242
泻芯褉邪斜谢褜,13202
锌懈褋褜屑芯,13039
胁薪懈蟹,13035
屑芯谢芯写械褑,13017
薪邪胁械褉薪褟泻邪,12996
薪械褔械谐芯,12942
胁懈写,12908
薪懈泻邪泻芯泄,12883
褋胁褟蟹褜,12863
褋锌懈褋芯泻,12853
褋懈写械褌褜,12779
谐芯褉邪蟹写芯,12771
胁锌械褉胁褘械,12754
芯斜褗褟褋薪懈褌褜,12720
褋械屑褜褞,12644
褋胁懈写邪薪懈械,12627
锌褉懈泄褌懈,12591
褔褍胁褋褌胁芯,12562
褋褘薪芯泻,12524
写褟写褟,12434
褋芯薪,12288
械褏邪褌褜,12171
薪懈泻褍写邪,12155
褋褌邪褉褘泄,12124
芯褌褌褍写邪,12099
褎芯褌芯,12074
锌褉芯泄褌懈,12072
蟹邪薪懈屑邪褌褜褋褟,12047
锌邪褉邪,12013
薪懈泻邪泻,12008
薪械写邪胁薪芯,12002
谐谢邪蟹,11981
蟹邪褖懈褌懈褌褜,11780
斜谢邪谐芯写邪褉褟,11730
胁锌械褉械写,11729
薪邪胁褋械谐写邪,11723
胁锌芯谢薪械,11706
褋械屑褜,11678
懈写懈芯褌,11632
褋谢邪胁邪,11587
褋褌芯懈谢芯,11586
泻芯屑邪薪写邪,11578
芯谐芯薪褜,11539
蟹邪屑褍卸,11526
褕械褎,11485
褋褍写,11483
锌芯锌褉芯斜芯胁邪褌褜,11458
褔械褉褌邪,11399
褍褋谢褘褕邪褌褜,11361
褋屑褘褋谢,11257
褋褌芯褟褌褜,11061
锌谢械胁邪褌褜,11059
泻谢褞褔,11057
胁械褉懈褌褜,11037
褋谢褘褕邪褌褜,11034
锌懈褌褜,11002
蟹邪褋褌邪胁懈褌褜,11000
褉芯褌,10985
芯褔械褉械写褜,10967
褉邪蟹谐芯胁芯褉,10954
蟹胁芯薪芯泻,10951
屑械薪械械,10937
锌芯写邪谢褜褕械,10909
邪写胁芯泻邪褌,10829
褋褌芯锌,10807
褏芯写懈褌褜,10756
懈蟹屑械薪懈褌褜,10725
泻芯褉芯谢褜,10717
薪邪褉芯写,10681
褋械泻褋,10637
锌芯锌邪褋褌褜,10596
褑械谢褜,10508
胁褘褕械,10496
芯写薪邪泻芯,10495
胁褘褏芯写,10470
锌谢邪褌褜械,10468
胁芯胁褋械,10457
锌芯械褏邪褌褜,10275
芯褌谢懈褔薪褘泄,10257
褉械斜械薪芯泻,10230
芯谐芯,10204
薪械褔褌芯,10164
胁褘褟褋薪懈褌褜,10162
褌械褔械薪懈械,10130
蟹邪斜褘褌褜,10083
褋芯胁械褌,10023
锌芯写褉褍谐邪,9991
褑械谢褘泄,9981
褍写邪褉,9952
邪写褉械褋,9947
褋械褉卸邪薪褌,9905
褉邪蟹薪懈褑邪,9854
芯褌泻褉褘褌褜,9851
写芯胁械褉褟褌褜,9785
胁褋褌褉械褔邪,9780
褍斜懈胁邪褌褜,9779
薪邪胁械褉薪芯,9737
芯斜械写,9730
锌芯写芯卸写邪褌褜,9705
胁械褔薪芯,9685
锌芯褋泻芯谢褜泻褍,9646
胁械褋褜屑邪,9599
谢械泄褌械薪邪薪褌,9585
褋械蟹芯薪,9572
褋薪邪褉褍卸懈,9563
谐芯谢芯胁邪,9550
蟹邪薪褟褌褜褋褟,9529
泻懈薪芯,9528
胁芯褋械屑褜,9470
屑邪谐邪蟹懈薪,9445
褋谢褍褕邪褌褜,9420
斜懈蟹薪械褋,9413
褍械褏邪褌褜,9408
褕邪谐,9338
锌谢芯褏芯泄,9246
芯褎懈褑械褉,9242
褋褞褉锌褉懈蟹,9222
胁芯写邪,9165
锌芯谢薪褘泄,9147
写芯泻邪蟹邪褌褜,9127
胁芯泄薪邪,9122
屑褘褋谢褜,9115
斜芯谢褜褕懈薪褋褌胁芯,9078
锌褉芯写芯谢卸邪褌褜,9054
褉邪薪械械,9050
写胁懈谐邪褌褜褋褟,9001
褔褍胁褋褌胁芯胁邪褌褜,8991
谢褞斜懈褌褜,8984
胁械谢懈褔械褋褌胁芯,8984
锌芯锌褉芯褋懈褌褜,8953
谐谢邪胁薪褘泄,8936
胁薪懈蟹褍,8929
屑薪械薪懈械,8908
褔邪褋褘,8882
胁褉褟写,8882
锌芯褋褌芯泄,8860
胁械褔械褉懈薪泻邪,8839
芯褕懈斜泻邪,8826
锌褉芯褎械褋褋芯褉,8787
薪懈褔褌芯,8748
锌芯谢械,8734
屑褍蟹褘泻邪,8715
斜邪斜褍褕泻邪,8704
薪械褋屑芯褌褉褟,8687
芯褌写邪褌褜,8635
泻芯屑薪邪褌邪,8549
蟹邪泻芯薪褔懈褌褜,8501
胁褉邪褔,8492
锌芯卸邪谢褍泄,8482
褉芯谢褜,8480
锌芯褉褟写芯泻,8476
谐褉褍锌锌邪,8473
泻芯谢褜褑芯,8451
胁胁械褉褏,8413
褉邪蟹谐芯胁邪褉懈胁邪褌褜,8391
蟹邪泻芯薪,8385
褔谢械薪,8348
褌邪泻褋懈,8338
褋械褉懈褟,8331
屑芯谢芯写芯泄,8304
褕褍褌泻邪,8291
褍褏芯写懈褌褜,8289
褋薪褟褌褜,8285
褉邪蟹芯斜褉邪褌褜褋褟,8254
褟蟹褘泻,8247
写懈褉械泻褌芯褉,8238
褋褌芯,8233
写薪械屑,8220
薪邪胁械褉褏褍,8198
褋懈谐薪邪谢,8174
械写胁邪,8165
芯褌胁械褌懈褌褜,8157
褋锌褍褋褌褟,8150
锌褉懈薪械褋褌懈,8134
褋械泻褉械褌,8126
锌褉懈泻邪蟹,8125
斜褉芯褋懈褌褜,8111
谐芯褋锌芯写褜,8071
胁薪褍褌褉褜,8070
泻芯屑锌邪薪懈褟,8060
锌褉械泻褉邪褋薪褘泄,8050
锌邪屑褟褌褜,8002
褋褌邪褉懈泻,7997
懈蟹斜邪胁懈褌褜褋褟,7995
懈薪褎芯褉屑邪褑懈褟,7982
胁褋褌褉械褔邪褌褜褋褟,7978
褋锌邪褋,7972
屑芯蟹谐,7957
褔懈褌邪褌褜,7956
褋褌芯谢,7941
褍斜谢褞写芯泻,7934
斜芯斜,7911
谢芯卸褜,7904
胁蟹谐谢褟薪褍褌褜,7876
锌懈褋邪褌褜,7868
锌械褉械写邪褌褜,7862
胁芯泄褌懈,7853
胁械蟹写械,7850
褋芯谢薪褑械,7840
泻谢邪褋褋,7807
褍斜械写懈褌褜褋褟,7735
褎邪泻褌,7731
褍薪懈褔褌芯卸懈褌褜,7729
褍褔懈褌械谢褜,7724
斜械卸邪褌褜,7714
写邪薪薪褘械,7675
蟹邪锌邪褏,7667
锌褉懈写褍褉芯泻,7648
芯泻薪芯,7606
泻芯褋褌褞屑,7586
芯斜褋褍写懈褌褜,7573
锌褉懈薪懈屑邪褌褜,7551
屑芯褉械,7529
褕褌褍泻邪,7522
褋懈褌褍邪褑懈褟,7522
谐械薪械褉邪谢,7512
褉芯卸写械褋褌胁芯,7507
锌谢邪褌懈褌褜,7506
锌芯屑芯谐邪褌褜,7452
薪芯胁芯褋褌褜,7443
卸械褉褌胁邪,7442
写芯褋褌邪褌褜,7433
胁芯胁褉械屑褟,7428
蟹邪褌芯,7399
锌褉械写谢芯卸懈褌褜,7338
褍褉芯胁械薪褜,7335
褋芯斜邪泻邪,7316
蟹薪邪泻,7310
薪邪褔邪谢芯,7298
胁薪械,7281
泻谢褍斜,7281
薪械锌褉邪胁写邪,7256
写芯褋褌褍锌,7256
泻褍褔邪,7249
褌褍邪谢械褌,7248
褋褍泻邪,7227
褋谢械谐泻邪,7224
锌械褋薪褟,7221
薪邪胁械褉褏,7219
薪械斜芯谢褜褕芯泄,7214
蟹邪锌懈褋褜,7190
褋芯褋褌芯褟薪懈械,7170
斜械谢褘泄,7160
蟹邪泄褌懈,7153
写胁邪卸写褘,7148
褑械薪褌褉,7142
写褉褍卸懈褖械,7141
懈褋锌褉邪胁懈褌褜,7141
卸械谢邪薪懈械,7129
泻薪懈谐邪,7126
锌芯谢泻芯胁薪懈泻,7103
写芯斜褉邪褌褜褋褟,7097
薪芯褋,7086
泻邪泻芯胁芯,7070
褋懈谢邪,7069
褉褍泻邪,7058
锌芯胁褋褞写褍,7056
胁蟹谐谢褟写,7051
薪邪褉泻芯褌懈泻懈,7037
褋褍写褜褟,7035
褔褍褕褜,7024
褋懈褋褌械屑邪,7006
械写邪,6993
写芯泻,6992
薪芯卸,6987
薪邪锌懈褋邪褌褜,6984
褔邪泄,6963
斜褉邪泻,6948
锌芯褌械褉褟褌褜,6930
蟹胁褍泻,6903
褔邪褋褌褜褞,6902
胁褘谐谢褟写械褌褜,6887
胁泻褍褋,6867
锌芯械蟹写,6866
锌懈胁芯,6864
褍褋褌褉芯懈褌褜,6858
褉邪写懈芯,6846
斜械蟹褍屑懈械,6837
褉械褕懈褌褜,6834
褋芯谢写邪褌,6834
芯褌锌褉邪胁懈褌褜,6791
蟹写邪薪懈械,6774
胁芯蟹谢械,6773
蟹邪褖懈褖邪褌褜,6770
薪邪蟹褘胁邪褌褜,6744
褌褉械褌懈泄,6742
写芯谢谐,6736
褋谢褍褔懈褌褜褋褟,6714
褋褔械褌,6696
懈薪褋锌械泻褌芯褉,6670
蟹械屑谢褟,6666
褋褏芯写懈褌褜,6659
锌谢褞褋,6653
褋褌褉械谢褟褌褜,6637
褋褌芯谢褜,6633
褉械褕邪褌褜,6619
蟹邪锌谢邪褌懈褌褜,6611
褋芯芯斜褖懈褌褜,6594
褋锌褉邪胁懈褌褜褋褟,6560
锌芯褑械谢褍泄,6556
褌械褋褌,6524
泻芯写,6507
胁褘斜褉邪褌褜褋褟,6498
锌褉芯写邪褌褜,6497
锌芯褋褌邪胁懈褌褜,6480
泻谢懈械薪褌,6477
蟹写芯褉芯胁褜械,6477
锌褉芯褔褜,6476
褋邪屑芯谢械褌,6445
褋斜械卸邪褌褜,6443
锌褉械泻褉邪褌懈褌褜,6443
胁锌械褉械写懈,6404
写胁邪写褑邪褌褜,6391
斜邪褉,6384
蟹邪胁褌褉邪泻,6380
蟹褉褟,6376
锌芯谢懈褑械泄褋泻懈泄,6375
蟹邪褟胁谢械薪懈械,6332
锌芯泄屑邪褌褜,6326
芯褌胁械褌褋褌胁械薪薪芯褋褌褜,6325
写械胁褟褌褜,6324
薪邪械写懈薪械,6318
胁褘斜褉邪褌褜,6314
锌褉械褋褌褍锌谢械薪懈械,6280
泻褍褋芯泻,6266
褋芯褏褉邪薪懈褌褜,6228
锌褉懈胁械褋褌懈,6227
芯褌薪芯褕械薪懈械,6175
芯锌械褉邪褑懈褟,6156
褋褍写褜斜邪,6150
谢褞斜懈屑褘泄,6145
蟹邪写邪褌褜,6144
锌邪锌芯褔泻邪,6142
褑械褉泻芯胁褜,6130
写褍褉邪泻,6118
泻芯屑锌褜褞褌械褉,6106
褍褉芯泻,6084
谢褞泻,6057
斜褉邪褌褜,6054
写邪胁邪褌褜,6053
胁薪芯胁褜,6052
褌褉芯械,6051
胁褘蟹胁邪褌褜,6049
斜芯褉芯褌褜褋褟,6041
胁邪褉懈邪薪褌,6040
薪邪蟹胁邪褌褜,6038
褏芯写,6030
锌芯谢芯卸械薪懈械,6025
褉芯屑邪薪,5989
锌芯斜械写懈褌褜,5966
锌褉邪胁懈褌械谢褜褋褌胁芯,5966
锌褉芯褕谢褘泄,5955
谐械褉芯泄,5947
胁芯蟹写褍褏,5946
锌芯褋褌褍锌懈褌褜,5934
褔褍写芯,5917
褕泻芯谢邪,5908
泻褍褉褋,5905
芯褌械谢褜,5898
蟹邪写邪薪懈械,5897
锌褉懈械褏邪褌褜,5894
褋褔懈褌邪褌褜,5887
胁褋锌芯屑薪懈褌褜,5878
褍谐褍,5868
褋褉芯泻,5866
写械泄褋褌胁芯胁邪褌褜,5862
懈蟹胁懈薪懈褌褜褋褟,5850
写褍褏,5845
芯褌写械谢,5834
斜械褋锌芯泻芯懈褌褜褋褟,5831
屑褟褔,5812
褍斜械写懈褌褜,5802
芯褋褌邪薪芯胁懈褌褜褋褟,5799
泻芯褉芯谢械胁邪,5790
写芯卸写褜,5789
斜褘胁褕懈泄,5778
褌邪薪褑械胁邪褌褜,5772
泻芯谢谢械写卸,5754
锌褉芯褋懈褌褜,5744
写褍褕,5734
泻邪屑械薪褜,5724
蟹胁芯薪懈褌褜,5718
锌褉芯胁芯写懈褌褜,5713
褍褉邪,5712
褌褉褍锌,5710
胁懈薪芯,5707
屑邪谢褘褕泻邪,5686
锌褉邪胁懈谢芯,5675
泻褉芯胁邪褌褜,5673
泻邪斜懈薪械褌,5673
褍斜褉邪褌褜,5667
卸械薪懈褌褜褋褟,5667
褋褔邪褋褌褜械,5648
写邪胁谢械薪懈械,5643
写褍褕邪,5619
芯褌写芯褏薪褍褌褜,5606
胁褋褌邪褌褜,5600
屑懈谢谢懈芯薪,5596
褋蟹邪写懈,5587
褋胁褟褌芯泄,5587
蟹薪邪褔械薪懈械,5571
锌芯蟹邪写懈,5559
薪械褋褔邪褋褌薪褘泄,5543
褋褌褉邪褏,5521
斜邪薪泻,5511
薪芯褋懈褌褜,5511
锌褉懈褏芯写懈褌褜,5498
褋谢械写懈褌褜,5495
谢械泻邪褉褋褌胁芯,5481
褌懈锌,5479
锌褉懈蟹薪邪褌褜,5470
斜懈谢械褌,5462
泻褉邪褋薪褘泄,5446
锌械褌褜,5445
薪邪蟹胁邪薪懈械,5442
胁褘褌邪褖懈褌褜,5441
芯褌胁械褔邪褌褜,5432
泻芯薪褌褉芯谢懈褉芯胁邪褌褜,5430
褔械褉褌邪,5429
胁谢邪褋褌褜,5427
胁芯谢薪芯胁邪褌褜褋褟,5422
写邪薪薪褘泄,5416
泻褉邪褋懈胁褘泄,5413
褋褍褌褜,5406
褋胁褟蟹邪褌褜褋褟,5399
屑邪泄芯褉,5393
写械褉卸邪褌褜褋褟,5389
褕褌邪薪褘,5387
褑胁械褌,5382
褏芯蟹褟懈薪,5366
褍褔懈褌褜褋褟,5366
锌芯斜谢邪谐芯写邪褉懈褌褜,5337
泻芯谢懈褔械褋褌胁芯,5336
褋褍屑邪褋褕械写褕懈泄,5334
褍褔邪褋褌芯泻,5311
褋褌褉邪薪薪褘泄,5304
泻芯薪褌褉芯谢褜,5282
谐褉褍写褜,5275
蟹邪屑芯泻,5259
薪邪芯斜芯褉芯褌,5243
褋芯蟹写邪褌褜,5241
锌芯斜褘褌褜,5235
锌芯械褋褌褜,5233
褉械褋褌芯褉邪薪,5204
胁泻谢褞褔邪褟,5196
褕械褉懈褎,5185
褍写芯胁芯谢褜褋褌胁懈械,5167
邪胁褌芯斜褍褋,5153
锌褉懈写褍屑邪褌褜,5136
卸懈胁芯泄,5110
锌芯薪懈屑邪褌褜,5107
锌芯锌褘褌邪褌褜褋褟,5100
胁械谢懈泻懈泄,5093
锌褉懈械屑,5089
锌褉芯械泻褌,5074
斜芯泄,5072
械褋褌械褋褌胁械薪薪芯,5070
锌褉芯褑械褋褋,5060
胁褘蟹芯胁,5057
薪懈卸械,5056
锌械褉械褉褘胁,5051
薪械薪邪写芯谢谐芯,5036
褋械褋褌褜,5013
褍屑薪褘泄,4999
泻芯褕屑邪褉,4992
写薪械屑,4990
写芯褉芯谐邪,4987
芯褔泻懈,4979
褋芯胁锌邪写械薪懈械,4960
薪邪褔邪谢褜薪懈泻,4960
褌械褉锌械褌褜,4954
屑薪芯卸械褋褌胁芯,4951
斜芯谢械蟹薪褜,4948
褋胁懈写械褌械谢褜,4948
锌褉懈谐谢邪褋懈褌褜,4939
斜芯褟褌褜褋褟,4937
褋芯斜褉邪褌褜,4930
胁褋褟泻懈泄,4906
锌褉懈薪褑,4903
薪邪写械褟褌褜褋褟,4901
锌芯写薪褟褌褜,4893
锌械褉械褋褌邪褌褜,4882
锌芯泻懈薪褍褌褜,4874
芯泻邪蟹邪褌褜褋褟,4868
卸懈谢邪,4863
懈蟹斜械卸邪褌褜,4863
褋褌邪褉褕懈泄,4859
锌芯谢芯胁懈薪邪,4855
蟹邪斜芯褌懈褌褜褋褟,4852
锌褉邪蟹写薪懈泻,4831
锌褉懈褋芯械写懈薪懈褌褜褋褟,4819
褔械褉薪褘泄,4817
芯锌褘褌,4813
斜褉械写,4812
懈褋褌芯褔薪懈泻,4808
蟹邪泻褉褘褌褜,4782
邪薪谐械谢,4781
褌褉械薪械褉,4781
胁械褌械褉,4770
芯褋褌褉芯胁,4766
泻芯薪褌褉邪泻褌,4731
褌械谢械胁懈蟹芯褉,4725
锌芯谢褔邪褋邪,4714
蟹邪屑褍卸械屑,4708
褍锌褉邪胁谢褟褌褜,4692
谐谢邪胁邪,4687
锌芯褋褌械谢褜,4686
褕褍屑,4684
薪邪褔懈薪邪褌褜,4680
泻邪褎械,4672
芯褌泻邪蟹邪褌褜褋褟,4671
锌褉械写褍锌褉械写懈褌褜,4670
胁懈褋泻懈,4654
褋泻胁芯蟹褜,4632
褕谢褞褏邪,4632
芯褉写械褉,4631
褋褌褉邪薪邪,4615
褍屑懈褉邪褌褜,4612
蟹邪写,4612
褋懈谢褜薪褘泄,4607
械褉褍薪写邪,4604
写械褉械胁芯,4601
芯写芯谢卸械薪懈械,4599
胁褘卸懈褌褜,4592
谐褉褍蟹芯胁懈泻,4584
锌褍褌械褕械褋褌胁懈械,4583
褔械泻,4581
薪邪写芯谢谐芯,4569
褉邪泻,4568
锌芯屑芯褖薪懈泻,4566
锌邪褉泻,4565
芯褖褍褖械薪懈械,4554
薪邪褏芯写懈褌褜褋褟,4547
泻胁邪褉褌懈褉邪,4521
邪薪邪谢懈蟹,4518
谢芯褕邪写褜,4511
谐芯褌芯胁懈褌褜,4508
写褘褕邪褌褜,4500
褉邪蟹褉械褕械薪懈械,4493
胁褉邪褌褜,4461
谐芯褉谢芯,4450
写懈褌褟,4444
斜械写薪褘泄,4435
褋褌邪褌褍褋,4435
锌芯胁械写械薪懈械,4434
芯褌锌褍褋褌懈褌褜,4413
胁褘褏芯写懈褌褜,4411
褋胁邪写褜斜邪,4409
芯褌胁械蟹褌懈,4396
褋褉邪卸邪褌褜褋褟,4391
蟹胁械蟹写邪,4385
谢邪谐械褉褜,4379
锌芯褋褉械写懈,4376
斜褉邪胁芯,4374
褋泻芯褉芯褋褌褜,4371
锌芯谢芯卸懈褌褜,4357
胁芯褋泻褉械褋械薪褜械,4354
褔械褉褌芯胁,4343
泻邪屑械褉邪,4340
胁锌械褔邪褌谢械薪懈械,4339
屑褟褋芯,4337
褉械蟹褍谢褜褌邪褌,4333
锌褉懈蟹薪邪褌褜褋褟,4330
泻芯屑,4319
屑械褔,4309
蟹邪薪褟褌褜,4306
芯写械卸写邪,4303
斜芯屑斜邪,4303
褟褖懈泻,4288
邪谢懈斜懈,4282
薪邪谢械胁芯,4268
写卸懈薪,4242
薪邪写械卸写邪,4240
芯斜褘褔薪褘泄,4237
褍卸邪褋,4229
屑褝褉,4228
锌邪褑懈械薪褌,4209
芯斜胁懈薪械薪懈械,4209
锌邪谢械褑,4201
锌褉芯褋褌懈褌褜,4195
褍卸邪褋薪褘泄,4188
写褉邪褌褜褋褟,4184
薪懈谐写械,4178
锌芯蟹邪斜芯褌懈褌褜褋褟,4170
褌械褉褟褌褜,4170
褉懈褋泻芯胁邪褌褜,4167
褋谢械写,4163
蟹芯谢芯褌芯,4161
胁芯谢芯褋,4160
锌褉芯褋褌芯泄,4153
芯褌褋褌芯泄,4150
褉芯胁薪芯,4146
褋锌褉邪褕懈胁邪褌褜,4138
胁芯褋锌芯谢褜蟹芯胁邪褌褜褋褟,4130
芯褌锌褍褋泻,4115
邪屑懈薪褜,4114
写胁懈卸械薪懈械,4114
薪邪锌谢械胁邪褌褜,4112
屑械褔褌邪,4112
薪邪写械褌褜,4110
蟹邪谢,4110
屑懈薪懈屑褍屑,4102
锌芯薪械写械谢褜薪懈泻,4099
褉懈褋泻,4094
褋褍褔泻邪,4093
锌芯锌褘褌泻邪,4093
褋泻褍褔邪褌褜,4090
芯谐褉芯屑薪褘泄,4087
屑邪褋褌械褉,4077
薪械斜芯,4075
褋褗械褋褌褜,4072
写芯斜懈褌褜褋褟,4070
褋锌械褉胁邪,4070
锌芯褋谢褍褕邪褌褜,4063
谢懈褔薪芯褋褌褜,4056
褌芯胁邪褉懈褖,4055
谢械褋,4045
谐械薪懈泄,4040
褋胁械褉褏褍,4026
褍锌褉邪胁谢械薪懈械,4004
褉邪蟹褍屑,3998
锌谢邪泻邪褌褜,3994
褍泻褉邪褋褌褜,3993
蟹邪薪芯胁芯,3980
薪邪锌褉芯褌懈胁,3980
锌芯泻芯薪褔懈褌褜,3968
芯褏褉邪薪邪,3964
褋写械谢泻邪,3961
邪褉屑懈褟,3961
胁褘褋褌褉械谢,3960
泻褉褍褌芯泄,3959
泻褉褍谐,3958
锌芯写械谢邪褌褜,3955
蟹谢芯,3943
芯褌锌褉邪胁懈褌褜褋褟,3942
薪邪褉褍卸褍,3941
褍褋褌褉芯泄褋褌胁芯,3939
谢械褌芯,3938
褏邪薪,3931
芯褌褔械褌,3928
胁褋褌褉械褌懈褌褜,3925
胁褋泻芯褉械,3920
胁褉邪谐,3919
锌芯谢邪,3914
薪邪斜谢褞写邪褌褜,3912
褋懈谢芯泄,3908
褋芯斜褋褌胁械薪薪褘泄,3876
锌芯卸邪褉,3875
泻芯屑邪薪写懈褉,3872
锌褉械写褋褌邪胁谢械薪懈械,3865
胁邪卸薪褘泄,3861
锌褋懈褏,3858
泻芯薪褌邪泻褌,3844
褏褉械薪,3833
褋薪懈屑邪褌褜,3832
褑械薪邪,3824
卸懈胁芯褌薪芯械,3818
锌械薪薪懈,3806
褎褍褌斜芯谢,3793
锌芯褏芯褉芯薪褘,3791
褌褍锌芯泄,3790
芯斜屑械薪,3776
褌芯褉褌,3774
锌芯褉邪斜芯褌邪褌褜,3771
胁蟹褉褘胁,3770
褍褔邪褋褌懈械,3765
褍褔邪褋褌胁芯胁邪褌褜,3759
写芯斜邪胁懈褌褜,3755
褌械褌褟,3752
芯斜褖邪褌褜褋褟,3748
写芯卸写邪褌褜褋褟,3718
薪邪锌褉邪胁芯,3718
薪芯谐邪,3716
写芯褉芯谐褍褕邪,3715
胁褘斜懈褉邪褌褜,3708
薪邪锌邪写械薪懈械,3704
锌褉芯懈蟹芯泄褌懈,3702
褏褉邪薪懈褌褜,3702
褌褉邪褌懈褌褜,3696
薪械泻褍写邪,3690
屑芯谢芯泻芯,3688
褋谢褍卸斜邪,3688
褋褘谐褉邪褌褜,3683
锌褉芯写芯谢卸懈褌褜,3681
褉邪写芯褋褌褜,3673
褏芯褉芯褕械薪褜泻芯,3658
锌褉械褋褌褍锌薪懈泻,3650
锌懈褉芯谐,3647
泻邪褉褌邪,3647
谢芯褉写,3639
褋芯泻,3636
褍褋褌邪薪芯胁懈褌褜,3635
屑芯写械谢褜,3633
屑褍褋芯褉,3628
写芯泻邪蟹邪褌械谢褜褋褌胁芯,3625
屑邪泻,3620
锌褉懈蟹褉邪泻,3616
写邪谢械械,3609
蟹邪泻邪蟹,3605
芯锌褉械写械谢懈褌褜,3602
褌芯褔泻邪,3599
写褉褍卸芯泻,3599
写邪褉,3593
锌褉懈褋褌褍锌,3592
胁芯褉芯褌邪,3591
褕褌邪褌,3591
褔懈褋谢芯,3589
邪胁褌芯屑芯斜懈谢褜,3588
写褘褏邪薪懈械,3575
锌芯屑薪懈褌褜,3574
蟹邪屑械褔邪褌械谢褜薪褘泄,3572
锌褉懈屑械褉,3569
锌芯谢褜蟹芯胁邪褌褜褋褟,3569
斜芯褉褌,3566
褉芯蟹邪,3563
薪邪褋褌褉芯械薪懈械,3548
褋褍写懈褌褜,3542
胁芯写懈褌械谢褜,3540
褋芯斜褉邪薪懈械,3539
褍谐芯谢,3538
泻芯薪褑械褉褌,3527
褉邪蟹谐芯胁芯褉褘,3524
褔械褌胁械褉谐,3519
写芯褋褌邪胁懈褌褜,3517
蟹邪写邪褔邪,3516
褎褍褉谐芯薪,3514
邪褉械褋褌芯胁邪褌褜,3513
泻邪泻芯胁,3507
褍胁懈写械褌褜褋褟,3505
褋邪薪,3502
卸懈胁芯褌,3496
褌褍褎谢懈,3493
芯斜褉邪蟹,3490
胁懈褉褍褋,3487
写褜褟胁芯谢,3485
褌邪谢邪薪褌,3483
薪邪泻邪蟹邪薪懈械,3483
胁谢邪写械谢械褑,3482
写芯谐芯胁芯褉,3474
斜械蟹芯锌邪褋薪芯褋褌褜,3473
褋芯蟹薪邪薪懈械,3472
褋邪屑芯褍斜懈泄褋褌胁芯,3466
锌褘褌邪褌褜褋褟,3462
泻褉懈褔邪褌褜,3456
胁褘褋芯褔械褋褌胁芯,3455
写芯胁械褉懈械,3454
褋谢械写芯胁邪褌褜,3450
懈蟹芯,3442
褎邪屑懈谢懈褟,3438
斜邪薪泻邪,3435
锌邪谢褜褌芯,3431
褝锌懈蟹芯写,3429
褌褉懈写褑邪褌褜,3429
蟹邪褖懈褌邪,3424
锌芯胁芯写,3419
锌芯褋谢邪褌褜,3418
褋褌芯谢懈泻,3418
锌芯谢谐芯写邪,3418
谢械褌芯屑,3418
胁械褉邪,3417
褏谢械斜,3413
锌邪褉懈,3412
锌褉芯谐褉邪屑屑邪,3408
写芯谢卸薪芯褋褌褜,3405
褌邪薪械褑,3404
锌芯写薪褟褌褜褋褟,3402
蟹邪胁械褋褌懈,3401
褉邪褋褌懈,3388
锌芯泻褍锌邪褌褜,3384
锌褉芯泻褍褉芯褉,3380
芯锌邪褋薪芯褋褌褜,3372
屑谢邪写褕懈泄,3364
锌褉芯锌褍褋褌懈褌褜,3359
锌褍谢褟,3356
芯褋胁芯斜芯写懈褌褜,3355
锌褉懈谐谢邪褕械薪懈械,3354
卸褍褉薪邪谢,3345
胁褏芯写,3341
褌械芯褉懈褟,3339
谐谢褍锌褘泄,3339
薪邪胁械褋褌懈褌褜,3334
褝褌邪卸,3332
褋邪屑芯谢械褌,3326
屑芯谢褔邪褌褜,3323
锌芯褋褌,3315
褉芯泄,3315
褋屑械褏,3315
锌芯写写械褉卸懈胁邪褌褜,3311
斜懈褌褜,3311
褉邪蟹褉褍褕懈褌褜,3308
蟹邪屑械褌懈褌褜,3308
芯斜械褖邪薪懈械,3302
锌褉懈谐芯褌芯胁懈褌褜,3293
谢谐邪褌褜,3288
褋褍锌,3287
芯斜褖械褋褌胁芯,3283
锌芯斜械写邪,3276
褉邪泄芯薪,3274
锌芯写褉褟写,3273
锌褉懈械屑,3267
薪械写械谢褟,3267
褍褋锌械褏,3266
锌芯写芯泄褌懈,3258
褋屑械褟褌褜褋褟,3250
屑懈谢芯褉写,3248
褋褑械薪邪褉懈泄,3246
屑邪泄泻邪,3240
谐邪蟹,3240
褋谢械胁邪,3236
蟹胁邪褌褜,3232
褋械褌褜,3227
胁褌芯褉薪懈泻,3226
锌芯褑械谢芯胁邪褌褜,3210
蟹邪褉邪斜芯褌邪褌褜,3205
芯褌谢懈褔懈械,3203
锌芯褋锌邪褌褜,3191
蟹械褉泻邪谢芯,3190
锌芯褔褍胁褋褌胁芯胁邪褌褜,3184
薪褉邪胁懈褌褜褋褟,3180
斜褞褉芯,3178
褎芯褌芯谐褉邪褎懈褟,3174
芯斜褉邪蟹械褑,3173
薪邪胁褉械写懈褌褜,3165
锌邪泻械褌,3160
锌械褉械谐芯胁芯褉褘,3156
蟹邪写薪懈褑邪,3154
褍褉芯写,3152
泻谢邪褋褋薪褘泄,3148
懈斜芯,3144
锌芯写邪褌褜,3129
褋褌懈谢褜,3126
芯斜褉邪褖邪褌褜褋褟,3126
懈褋泻褍褋褋褌胁芯,3120
写褍褉邪,3114
胁写胁芯械屑,3100
锌褉懈蟹薪邪薪懈械,3096
锌芯锌褉芯褖邪褌褜褋褟,3094
锌械褉械械褏邪褌褜,3090
褋谢褍卸懈褌褜,3078
锌芯斜谢懈蟹芯褋褌懈,3076
褍薪懈胁械褉褋懈褌械褌,3074
褋泻褉褘褌褜,3068
褉邪泄,3066
褍谐褉芯蟹邪,3063
谐芯褉械,3062
薪械胁械褋褌邪,3062
蟹邪褉邪薪械械,3059
褋械薪邪褌芯褉,3051
屑邪写械屑褍邪蟹械谢褜,3049
锌芯写褌胁械褉写懈褌褜,3048
薪邪锌邪褉薪懈泻,3043
锌械褉懈芯写,3036
褋褍褖械褋褌胁芯,3029
褔褍写芯胁懈褖械,3026
锌芯褋褌褉芯懈褌褜,3017
锌械褉械卸懈褌褜,3016
胁褉械写,3013
懈薪褌械褉械褋,3011
泻褉邪褋芯褌邪,3011
褋锌褉邪胁邪,3011
泻芯卸邪,3011
锌芯写锌懈褋邪褌褜,3005
屑械薪械写卸械褉,3004
褌芯胁邪褉,2989
胁褘褉邪卸械薪懈械,2980
谢械褌邪褌褜,2980
邪褝褉芯锌芯褉褌,2973
锌褉芯褔懈褌邪褌褜,2972
胁锌褉邪胁写褍,2964
褉褘斜邪,2962
褎芯褉屑邪,2962
锌芯写械谢懈褌褜褋褟,2960
褉邪褋褋谢邪斜懈褌褜褋褟,2957
胁懈薪懈褌褜,2956
屑械褕芯泻,2954
胁芯褋褋褌邪薪芯胁懈褌褜,2954
褋械薪褜芯褉,2953
褋胁芯谢芯褔褜,2951
谐芯褋褌褜,2934
屑芯薪褋褌褉,2934
褋芯褋械写,2930
褋邪写,2929
锌褉邪胁懈谢褜薪褘泄,2929
芯褌芯屑褋褌懈褌褜,2927
屑械薪褟褌褜,2925
薪邪懈斜芯谢械械,2923
斜褍屑,2922
褋褔邪褋褌谢懈胁褘泄,2919
褋褌邪泻邪薪,2917
褔械褉薪褘泄,2916
屑邪褋谢芯,2915
褉褍褋褋泻懈械,2915
屑懈薪懈褋褌褉,2909
芯斜褉邪褌懈褌褜褋褟,2907
芯褌屑械薪懈褌褜,2905
卸邪谢泻芯,2903
锌械褉械写芯,2903
薪械褌褍,2902
屑懈褋褋懈褟,2900
褉邪蟹屑械褉,2895
芯谐褉邪斜谢械薪懈械,2888
谢械卸邪褌褜,2886
锌褉械谢械褋褌褜,2884
斜芯谢褜薪芯泄,2884
锌芯胁褌芯褉懈褌褜,2881
泻褍褉懈褌褜,2868
锌芯械蟹写泻邪,2866
芯褌褋褍褌褋褌胁懈械,2865
褔邪薪,2854
屑芯褌懈胁,2851
屑邪褌械褉懈邪谢,2844
薪邪锌芯屑薪懈褌褜,2841
褍褔懈褌褜,2840
屑械褋褌械褔泻芯,2840
褌褉芯谐邪褌褜,2840
褋械胁械褉,2838
锌芯泻邪蟹邪褌褜褋褟,2838
蟹邪锌芯谢褍褔懈褌褜,2837
胁械褉芯褟褌薪芯褋褌褜,2836
胁械写褜屑邪,2834
胁芯褉,2832
胁褘褋芯泻懈泄,2831
屑械褌褉芯,2831
锌邪褑邪薪,2829
胁蟹邪屑械薪,2827
泻芯褌,2825
褋芯胁械褉褕懈褌褜,2818
锌械褕泻芯屑,2809
懈蟹胁械褋褌薪褘泄,2809
褔械泄,2804
胁械褋,2801
锌芯褋谢邪薪懈械,2800
泻邪蟹懈薪芯,2798
械蟹卸邪泄,2798
屑械褕邪褌褜,2792
屑芯褉芯卸械薪芯械,2788
邪胁褌芯褉,2783
褋胁懈薪褜褟,2780
锌邪褉褌薪械褉,2780
褌械褌褟,2772
谢褍薪邪,2769
褋芯谐谢邪褕械薪懈械,2769
泻邪薪邪谢,2766
褋写邪褌褜,2763
械蟹写懈褌褜,2760
薪邪褍褔懈褌褜,2759
锌械褔械薪褜械,2759
锌芯写写械褉卸邪褌褜,2757
蟹邪屑械薪懈褌褜,2754
锌芯褋锌芯褉懈褌褜,2753
褋褘褉,2750
褋芯谐谢邪褋懈褌褜褋褟,2749
胁蟹褉芯褋谢褘泄,2748
谢懈写械褉,2744
斜械褋锌芯泻芯泄褋褌胁芯,2740
芯褌褉褟写,2739
褋薪械谐,2735
褋褌芯懈褌褜,2729
褉邪蟹胁芯写,2729
邪褉械褋褌,2725
褍写械褉卸邪褌褜,2719
蟹邪谢芯谐,2717
斜械泄,2717
泻褉芯褕泻邪,2712
锌芯懈褋泻,2709
斜芯褌懈薪泻懈,2707
褕芯褋褋械,2706
胁褘褋褌褍锌谢械薪懈械,2702
谢懈褔薪褘泄,2700
褋锌芯褉懈褌褜,2699
褋胁褟褖械薪薪懈泻,2697
褏胁芯褋褌,2696
褋锌械褑懈邪谢褜薪褘泄,2692
泻懈褌,2690
蟹谢芯泄,2689
锌械褉械泄褌懈,2688
胁懈蟹懈褌,2688
锌褉懈胁谢械褔褜,2686
褍胁邪卸械薪懈械,2685
蟹邪写邪胁邪褌褜,2684
褋胁芯斜芯写邪,2683
斜芯谢褌邪褌褜,2683
胁泻谢褞褔懈褌褜,2679
褉械泄褋,2678
褋芯褉芯泻,2677
泻芯屑懈褋褋邪褉,2673
褌褉褍褋,2664
写械写,2662
褍斜械卸懈褖械,2660
褍斜械卸邪褌褜,2659
锌芯蟹芯褉,2656
褏邪褉邪泻褌械褉,2656
褌械屑锌械褉邪褌褍褉邪,2653
锌褉械写锌芯谢芯卸懈褌褜,2647
褏褍写芯卸薪懈泻,2643
褌褉械胁芯谐邪,2642
薪械褋褌懈,2641
锌褍褌械屑,2638
褋褌芯褉芯薪邪,2637
锌褉懈褔懈薪懈褌褜,2636
屑芯褋褌,2630
褍胁芯谢懈褌褜,2629
褌芯褋褌,2628
锌芯写锌懈褋褜,2622
薪邪斜芯褉,2621
芯斜褍胁褜,2610
芯斜褗械泻褌,2608
斜褉邪褌邪薪,2607
泻褉芯胁芯褌械褔械薪懈械,2605
斜械褉械褌,2604
锌芯褉芯泄,2603
褉械邪泻褑懈褟,2601
泻邪褉褌懈薪邪,2600
蟹邪泻邪蟹邪褌褜,2597
褍写邪褔邪,2594
斜械写邪,2591
褌械薪褜,2589
胁褘褏芯写薪芯泄,2575
泻褉械褋谢芯,2575
薪芯褉屑邪谢褜薪褘泄,2574
褌懈薪邪,2572
屑邪谐懈褟,2568
写胁懈谐邪褌械谢褜,2568
胁械褔薪芯褋褌褜,2568
泻褍蟹械薪,2564
谐谢褍锌芯褋褌褜,2557
褋芯斜褋褌胁械薪薪芯褋褌褜,2556
褌邪泻芯胁,2555
芯斜芯褉褍写芯胁邪薪懈械,2553
谐薪械胁,2551
锌芯屑懈屑芯,2551
斜褍褌,2549
斜械谢褜械,2544
褋芯褋褉械写芯褌芯褔懈褌褜褋褟,2544
锌褍褋褌芯泄,2544
芯褌写械谢械薪懈械,2541
褔械褌胁械褉芯,2540
褌械锌谢芯,2540
锌褉褟屑芯泄,2538
褝褎褎械泻褌,2536
锌褍谢褜褋,2536
锌褍褋泻邪泄,2534
锌褟褌褜写械褋褟褌,2534
薪芯褔薪芯泄,2534
芯锌褍褏芯谢褜,2531
谢懈薪懈褟,2526
泻芯薪褔懈褌褋褟,2524
斜械褋锌芯泻芯懈褌褜,2517
锌芯泻芯泄,2516
褋芯谢薪褘褕泻芯,2512
斜械谐邪褌褜,2511
写薪械胁薪懈泻,2511
懈褋锌芯褉褌懈褌褜,2509
褋褌械泻谢芯,2506
芯斜褗褟褋薪械薪懈械,2504
写芯锌褍褋褌懈褌褜,2498
芯卸懈写邪褌褜,2495
泻褉懈泻,2494
胁褘褉邪蟹懈褌褜,2492
褍褋锌芯泻芯懈褌褜褋褟,2492
屑芯褉褋泻芯泄,2488
屑邪褉褕,2488
锌芯褔懈薪懈褌褜,2487
褋锌芯泻芯泄褋褌胁懈械,2482
褋芯斜褘褌懈械,2480
写邪屑邪,2480
懈蟹胁懈薪褟褌褜褋褟,2479
薪邪薪褟褌褜,2478
褋芯谢褜,2477
褋褌褍谢,2476
屑械褋褌褜,2475
褌械褉锌械薪懈械,2475
锌褉懈褟褌薪褘泄,2467
屑械写褋械褋褌褉邪,2467
褔械褉褌芯胁,2463
写芯褔泻邪,2462
懈褋褔械蟹薪褍褌褜,2460
芯褋褌邪褌芯泻,2458
锌褌懈褑邪,2457
褋褌邪胁懈褌褜,2451
薪芯谢褜,2448
锌褉芯褋褌褉邪薪褋褌胁芯,2447
蟹邪芯写薪芯,2446
褋屑械薪懈褌褜,2445
胁褘锌芯谢薪懈褌褜,2444
褍写邪褉懈褌褜,2442
胁褘胁械褋褌懈,2441
锌芯褋邪写懈褌褜,2436
锌芯蟹胁邪褌褜,2435
蟹芯谢芯褌芯泄,2426
褋芯泄褌懈,2423
懈写械邪谢褜薪褘泄,2422
锌芯谐芯写邪,2421
卸械薪懈褏,2415
锌褉械写褋械写邪褌械谢褜,2414
褋褌褉邪褋褌褜,2404
褌褉褍褋褘,2401
懈褋泻,2400
褉邪褋褋褔懈褌褘胁邪褌褜,2395
褝泻褋锌械褉褌,2394
褉褘薪芯泻,2392
锌芯胁芯褉芯褌,2388
懈谐褉芯泻,2382
谢芯写泻邪,2381
褌械邪褌褉,2381
锌芯谢芯薪,2380
锌褉械写褍锌褉械卸写械薪懈械,2380
芯泻械邪薪,2378
褋屑懈褉懈褌褜褋褟,2376
褋褍写薪芯,2375
锌褉懈谐芯胁芯褉,2374
褋械泻褉械褌邪褉褜,2372
锌邪褋锌芯褉褌,2368
褝泻蟹邪屑械薪,2367
谐芯褉写懈褌褜褋褟,2366
褕邪屑锌邪薪褋泻芯械,2366
褉邪褋泻褉褘褌褜,2364
胁芯蟹褉邪褋褌,2363
屑械薪褞,2361
邪屑械褉懈泻邪薪褑褘,2360
斜芯谢胁邪薪,2355
褌懈褕懈薪邪,2355
褌褞褉褜屑邪,2353
褌褉褞泻,2349
褋褌褉邪写邪褌褜,2347
斜邪褋褋械泄薪,2345
褉褍谢褜,2345
胁芯写懈褌褜,2340
锌谢邪薪械褌邪,2339
斜械谐芯屑,2339
屑邪褉泻邪,2338
谐褉褍蟹,2336
蟹邪锌懈褋邪褌褜,2335
写懈褋泻,2334
锌褉褟褌邪褌褜褋褟,2329
锌褉懈褋褍褌褋褌胁懈械,2326
褉械写邪泻褌芯褉,2324
褋芯胁械褌薪懈泻,2323
褋邪谢邪褌,2322
薪械薪邪胁懈写械褌褜,2320
薪邪锌芯谢芯胁懈薪褍,2318
褋褌褉芯懈褌褜,2317
屑懈谢械写懈,2315
锌芯屑械褕邪褌褜,2313
写谢懈薪薪褘泄,2312
谐芯褉褟褔懈泄,2311
写芯谢谐懈泄,2309
褔械屑芯写邪薪,2306
蟹邪褏胁邪褌懈褌褜,2305
褋锌邪褋械薪懈械,2305
锌邪褉芯谢褜,2303
谐褉械褏,2301
褍褏芯,2298
斜谢褞写芯,2297
褋懈屑锌邪褌懈褔薪褘泄,2296
褋写邪褌褜褋褟,2294
褌褟卸械谢褘泄,2293
谐褉褟蟹懈,2293
薪邪褋懈谢懈械,2292
锌芯胁械褋懈褌褜,2292
谐褉邪褎,2291
锌芯褋褌褍锌芯泻,2290
褋锌芯褋芯斜薪芯褋褌褜,2290
褔械褉械褋褔褍褉,2288
锌芯褌械褉褟,2288
写芯褋褜械,2279
褋芯褌褉褍写薪懈褔邪褌褜,2276
斜懈褌胁邪,2274
胁械褉褋懈褟,2271
芯斜褗褟胁谢械薪懈械,2269
写胁芯褉械褑,2268
褌邪泄薪邪,2267
褋械褉写械褔薪褘泄,2261
斜褘胁邪谢芯,2257
褋谢邪斜芯褋褌褜,2257
褔褍写械褋薪褘泄,2256
屑懈褉芯胁芯泄,2256
锌褉芯褋褜斜邪,2254
芯褋芯斜械薪薪褘泄,2253
褏褉邪薪懈谢懈褖械,2253
锌褉械褋谢械写芯胁邪褌褜,2252
褋褉械写褋褌胁芯,2251
褋懈薪懈泄,2250
锌芯谢褌芯褉邪,2250
褋锌褍褋褌懈褌褜褋褟,2247
屑谐薪芯胁械薪懈械,2246
写芯锌褉芯褋,2245
谐芯谢褍斜芯泄,2244
邪谢泻芯谐芯谢褜,2241
薪邪褉褍褔薪懈泻懈,2240
锌芯写泻褉械锌谢械薪懈械,2240
锌褉懈蟹,2239
褉邪薪邪,2238
锌芯谢懈褌懈泻邪,2236
褍谢邪写懈褌褜,2234
锌褉芯谐褍谢褟褌褜褋褟,2232
斜邪谢,2232
胁褘褋褌褍锌邪褌褜,2228
褍斜褉邪褌褜褋褟,2228
芯锌懈褋邪褌褜,2226
锌芯胁懈写邪褌褜褋褟,2223
胁谢懈褟薪懈械,2223
锌褉懈褋械褋褌褜,2221
褉芯写薪芯泄,2220
邪谢褜斜芯屑,2219
芯褔械褉械写薪芯泄,2218
芯斜械褋锌械褔懈褌褜,2217
谢芯胁褍褕泻邪,2216
锌芯斜械写懈褌械谢褜,2214
谐褉褟蟹褜,2214
谐褉褟蟹薪褘泄,2214
褉邪斜芯褔懈泄,2214
泻芯谢谢械谐邪,2210
胁芯械薪薪褘泄,2209
褋锌褉褟褌邪褌褜,2208
屑懈薪褍褌邪,2207
褋懈屑胁芯谢,2204
薪邪屑械褉械薪,2201
芯褋屑芯褌褉械褌褜,2198
锌芯褍卸懈薪邪褌褜,2196
褋芯蟹写邪薪懈械,2195
锌褉邪胁褘泄,2194
芯褌胁械褋褌懈,2194
芯褌薪褘薪械,2194
屑械褋褌懈,2192
褍褋锌械褌褜,2189
谢卸械褑,2186
胁褉邪褌邪,2182
锌芯谢薪芯褔褜,2174
写褉褟薪褜,2172
写胁芯褉,2171
屑芯斜懈谢褜薪褘泄,2170
泻褉邪褋芯褌泻邪,2169
褍斜懈褉邪褌褜褋褟,2168
褋褌邪褉懈薪邪,2165
褋芯斜懈褉邪褌褜,2164
谐邪谢褋褌褍泻,2162
泻谢邪写斜懈褖械,2158
锌谢邪胁邪褌褜,2156
写械泄褋褌胁懈械,2155
褔械屑锌懈芯薪,2149
胁褘薪械褋褌懈,2149
胁懈泻褌芯褉懈褟,2145
褌邪泻懈,2144
蟹邪薪褟褌懈械,2144
褍谢懈褑邪,2140
泻芯褕泻邪,2137
屑邪泄褟,2137
芯褉谐邪薪懈蟹芯胁邪褌褜,2136
锌褉械懈屑褍褖械褋褌胁芯,2134
谐褍斜械褉薪邪褌芯褉,2132
褋薪懈屑芯泻,2129
褉械卸懈褋褋械褉,2128
芯斜褉邪蟹芯胁邪薪懈械,2128
斜芯谢褜薪懈褑邪,2128
锌褉械胁褉邪褌懈褌褜,2127
锌懈褋邪褌械谢褜,2127
褔懈褋褌褘泄,2127
褌芯谢锌邪,2126
褋泻谢邪写,2123
褋锌褉褟褌邪褌褜褋褟,2119
蟹邪泻谢懈薪邪薪懈械,2119
褋谢邪写泻懈泄,2118
写薪芯,2117
芯锌械褉邪褌芯褉,2117
褋屑械薪邪,2116
芯斜褖懈泄,2116
褉芯褋褌,2114
褉械褑械锌褌,2112
斜芯泻邪谢,2108
屑械褋褌薪褘泄,2106
泻邪褌邪褋褌褉芯褎邪,2105
蟹褍斜,2101
懈蟹屑械薪懈褌褜褋褟,2099
邪谢谢械褉谐懈褟,2097
写胁芯泄薪芯泄,2096
锌芯屑械薪褟褌褜,2095
薪械褍写邪褔薪懈泻,2093
褕芯泻芯谢邪写,2092
褌胁邪褉褜,2092
锌褉械写邪褌械谢褜,2091
褋谢芯胁芯屑,2088
褋褍褌泻懈,2086
写械屑芯薪,2085
锌懈褉褋,2083
谐褍谢褟褌褜,2083
芯褌写褘褏,2082
褎邪薪褌邪褋褌懈泻邪,2082
锌芯写邪褉懈褌褜,2081
褉邪蟹写械谢懈褌褜,2080
锌褉懈褔械屑,2077
锌芯写写械褉卸泻邪,2075
谢械褋邪,2074
褋芯褞蟹,2073
薪邪写锌懈褋褜,2073
斜褍屑邪卸薪懈泻,2073
胁械褋械谢褜械,2072
谢械褔褜,2071
泻邪褉褜械褉邪,2070
泻褉懈蟹懈褋,2066
谐芯褉写芯褋褌褜,2065
锌褉芯泻谢褟褌懈械,2064
泻芯泻褌械泄谢褜,2059
芯褌褔械褌,2059
胁懈写械褌褜褋褟,2055
褝薪械褉谐懈褟,2055
芯褋芯斜褘泄,2053
芯斜褍褔械薪懈械,2053
屑械写胁械写褜,2051
褋褍屑泻邪,2049
芯斜屑邪薪褍褌褜,2047
褍褋薪褍褌褜,2043
薪械锌谢芯褏芯泄,2041
蟹谢懈褌褜褋褟,2041
薪邪褍泻邪,2040
斜谢邪谐芯写邪褉薪芯褋褌褜,2038
写芯褋褌懈褔褜,2037
锌褉械写屑械褌,2033
锌芯褌褉褟褋邪褞褖懈泄,2030
芯泻褉褍谐邪,2028
褝谢械泻褌褉懈褔械褋褌胁芯,2027
锌褉械写芯褌胁褉邪褌懈褌褜,2026
褍褖械褉斜,2024
写卸械薪褌谢褜屑械薪,2024
锌芯卸械薪懈褌褜褋褟,2024
褉邪褋锌懈褋邪薪懈械,2023
胁褘锌褍褋褌懈褌褜,2023
蟹邪锌邪写,2022
褟泄褑芯,2022
锌谢褟卸,2017
芯褌褉懈褑邪褌褜,2016
胁写芯谢褜,2015
褋械泄褎,2013
褍胁邪卸邪褌褜,2011
芯锌褉邪胁写邪薪懈械,2008
褎芯薪写,2008
褑械谢懈泻芯屑,2000
泻芯褉屑懈褌褜,1999
胁褘斜芯褉褘,1999
褋芯褍褋,1998
锌谢械褔芯,1998
锌械褉械薪械褋褌懈,1997
褑胁械褌芯泻,1996
屑芯谢芯卸械,1995
泻邪褉邪,1995
锌褉芯卸懈褌褜,1994
斜谢邪谐芯写邪褉懈褌褜,1990
写芯谐芯胁芯褉懈褌褜褋褟,1989
锌褉械写芯褋褌邪胁懈褌褜,1988
锌芯写谐芯褌芯胁懈褌褜,1985
芯褌泻褉褘褌懈械,1985
蟹邪褋薪褍褌褜,1984
褉邪褋褋泻邪蟹,1983
写械褌褋泻懈泄,1979
锌邪薪,1976
胁芯谢泻,1975
懈薪褌械褉械褋薪褘泄,1973
锌芯写褏芯写,1973
锌芯蟹薪邪泻芯屑懈褌褜,1971
屑邪褌褔,1970
泻芯褉芯斜泻邪,1969
芯褌锌褉邪蟹写薪芯胁邪褌褜,1968
褌褉邪胁屑邪,1967
斜芯褉褜斜邪,1966
胁褋谢褍褏,1966
蟹邪谐谢褟薪褍褌褜,1965
胁锌褉芯褔械屑,1964
锌芯谢芯卸械薪芯,1963
泻芯薪泻褍褉褋,1962
锌邪泻,1961
褏芯褌械褌褜,1961
斜械褋锌芯褉褟写芯泻,1960
褕邪褉,1960
芯斜胁懈薪懈褌褜,1958
写懈胁邪薪,1955
褉褟写,1955
谐芯谢褜褎,1952
褋褌褉械褋褋,1952
胁褘斜褉芯褋懈褌褜,1952
褋芯胁械褋褌褜,1951
邪泻褌,1949
斜邪薪写邪,1946
芯锌懈褋邪薪懈械,1944
褝褎懈褉,1944
芯锌谢邪褌懈褌褜,1943
褏邪芯褋,1942
懈褋锌褘褌邪薪懈械,1941
谢懈褎褌,1941
锌械褉械卸懈胁邪褌褜,1939
锌褉懈泻褉褘褌懈械,1939
谢械褌械褌褜,1936
锌芯懈褋泻邪褌褜,1934
蟹械谢械薪褘泄,1932
薪芯褉邪,1930
锌褉芯薪懈泻薪褍褌褜,1925
蟹胁械褉褜,1922
褝泻褋锌械褉懈屑械薪褌,1920
写械锌邪褉褌邪屑械薪褌,1918
邪谢褜褎邪,1918
屑懈谢芯褋褌褜,1910
泻褉械褌懈薪,1909
褎懈褉屑邪,1908
胁褘褋谢褍褕邪褌褜,1908
褋褑械薪邪,1908
褋泻邪薪写邪谢,1908
褍写邪谢懈褌褜,1907
斜褘褋褌褉褘泄,1907
褋卸械褔褜,1905
谢械谐械薪写邪,1905
锌芯薪邪写芯斜懈褌褜褋褟,1903
芯褉褍写懈械,1902
芯蟹械褉芯,1900
褍胁褘,1899
泻芯锌懈褟,1897
褋械屑械泄薪褘泄,1897
锌芯写胁邪谢,1897
褍谢褘斜泻邪,1897
锌械褉械泻褍褋懈褌褜,1895
屑芯褌芯褉,1892
芯写芯谢卸懈褌褜,1891
斜械薪蟹懈薪,1890
斜褉邪褌懈褕泻邪,1889
锌褉械写褋褌邪胁谢褟褌褜,1888
胁芯谢褟,1886
锌褟褌薪芯,1886
褋褌邪褌褜褟,1886
锌邪褋,1883
褉芯泻,1881
屑械谢泻懈泄,1880
锌褉芯写芯谢卸邪褌褜褋褟,1879
锌懈写卸邪泻,1879
芯斜褘褋泻,1879
锌懈谢芯褌,1877
卸邪谢芯褋褌褜,1876
褋胁械卸懈泄,1876
褋褗械蟹写懈褌褜,1874
锌褉芯褏芯写懈褌褜,1874
薪械薪邪胁懈褋褌褜,1874
薪邪锌懈褌芯泻,1874
锌械褉械胁械褋褌懈,1870
褋胁邪谢懈褌褜,1868
锌褉芯褌芯泻芯谢,1867
胁芯褋褌芯泻,1865
褏芯谢芯写懈谢褜薪懈泻,1865
锌芯谢写械薪褜,1864
蟹邪锌芯屑薪懈褌褜,1864
锌械褉械褋锌邪褌褜,1862
锌懈邪薪懈薪芯,1862
写邪褌邪,1861
褋褌械薪邪,1860
泻褉褘褋邪,1859
屑邪褋褋邪卸,1859
褋谢褍褏,1858
胁械泻,1854
锌芯写胁械蟹褌懈,1854
锌褘谢褜,1850
褋胁褟蟹邪褌褜,1850
屑芯谢懈褌褜褋褟,1850
薪械锌芯写邪谢械泻褍,1849
芯褔懈褋褌懈褌褜,1847
蟹邪泻谢褞褔懈褌褜,1846
胁写胁芯械屑,1846
写胁械薪邪写褑邪褌褜,1844
芯斜谢械谐褔械薪懈械,1842
褋芯斜褉邪褌褜褋褟,1838
褋褌械褉胁邪,1837
褋锌械褑懈邪谢懈褋褌,1836
褌褉邪谐械写懈褟,1833
褋屑械褕薪芯泄,1833
写械褋械褉褌,1833
芯褋褌邪薪芯胁泻邪,1832
写芯蟹胁芯薪懈褌褜褋褟,1831
褌褘褋褟褔邪,1830
谢械写,1829
蟹邪斜芯褌邪,1829
锌褟褌薪邪写褑邪褌褜,1828
蟹薪邪褔芯泻,1827
褉械屑芯薪褌,1827
屑械褌芯写,1823
泻芯蟹械谢,1821
胁械谢芯褋懈锌械写,1820
蟹邪写械褉卸邪褌褜,1819
褕锌懈芯薪,1819
褕芯泻,1815
屑褍卸褋泻芯泄,1810
胁褘褋褌褍锌懈褌褜,1810
褉懈褋,1808
芯褌薪芯褋懈褌褜褋褟,1807
褋芯斜械褋械写芯胁邪薪懈械,1807
褎谢邪谐,1806
蟹屑械褟,1805
芯褏芯褌薪懈泻,1805
锌褉懈褉芯写邪,1804
芯褏褉邪薪薪懈泻,1804
褋褌邪褉邪褌褜褋褟,1802
泻芯褋褌褜,1801
泻褉褘褕邪,1795
斜械褉械谐,1795
写芯谢谢邪褉,1793
褌邪褉邪,1792
泻褍褉芯泻,1789
芯褏芯褌邪,1788
锌芯褟胁懈褌褜褋褟,1785
胁邪屑锌懈褉,1785
写芯谐邪写邪褌褜褋褟,1783
锌褉械锌芯写芯斜薪褘泄,1783
褏褍写褕懈泄,1781
屑懈谢邪褕泻邪,1781
锌芯斜械褉械卸褜械,1781
薪械写芯褉邪蟹褍屑械薪懈械,1779
褋邪褏邪褉,1779
褌褍褉,1778
懈蟹芯斜褉邪卸械薪懈械,1778
褋懈薪褜芯褉,1776
锌褉芯褔械褋褌褜,1775
薪邪锌褉邪胁谢械薪懈械,1775
褋胁械褌谢芯褋褌褜,1773
斜褉邪褋谢械褌,1772
褋械泄,1772
锌芯褉褌褉械褌,1771
芯斜屑邪薪,1771
锌芯褉邪卸械薪懈械,1770
褋芯褋褌邪胁懈褌褜,1770
锌芯褌褉邪褌懈褌褜,1768
锌邪褉,1766
邪胁邪褉懈褟,1766
写褍褏懈,1765
褋锌械褕懈褌褜,1762
屑械斜械谢褜,1762
薪芯胁懈褔芯泻,1762
蟹芯薪邪,1761
锌芯写褏芯写褟褖懈泄,1761
褎谢芯褌,1758
屑褍蟹械泄,1758
泻芯褋屑芯褋,1758
锌褉懈胁械蟹褌懈,1757
褋谢褍褔邪泄薪芯褋褌褜,1755
褉械卸懈屑,1755
褏懈褉褍褉谐,1753
斜邪蟹邪,1752
褋械褉懈邪谢,1752
褌褋褋,1751
褉邪褋褋褌邪褌褜褋褟,1749
薪械屑褑褘,1747
锌褉械褋褋邪,1747
胁锌褍褋褌褍褞,1745
泻芯屑锌谢懈屑械薪褌,1744
褌芯薪,1743
斜褉褞泻懈,1742
邪锌锌邪褉邪褌,1739
胁械褉薪褘泄,1736
泻邪薪懈泻褍谢褘,1735
褋谢械锌芯泄,1734
褏芯蟹褟泄泻邪,1732
褔械褉械锌,1732
泻褉械写懈褌,1731
锌芯褋懈写械褌褜,1730
蟹邪锌褉芯褋,1729
锌芯芯斜械写邪褌褜,1729
褋芯薪褟,1729
邪泻褑械薪褌,1727
泻芯屑懈褌械褌,1726
泻褍褏薪褟,1726
胁械褉褏,1726
褋芯泻褉芯胁懈褖械,1722
芯斜懈写械褌褜,1722
胁蟹芯褉胁邪褌褜,1721
褋褌褉械谢芯泻,1718
褔褍卸芯泄,1718
胁懈写械薪懈械,1718
褋褏胁邪褌懈褌褜,1717
屑械谢芯褔褜,1717
褌褍锌懈褑邪,1716
写褉褍卸斜邪,1716
芯褌屑械褌懈褌褜,1714
胁褋械褉褜械蟹,1714
胁褘泻谢褞褔懈褌褜,1713
芯褌芯泄褌懈,1713
邪谢懈,1711
锌褉懈谐芯褌芯胁懈褌褜褋褟,1710
锌芯褋芯谢,1709
褉械锌褍褌邪褑懈褟,1709
芯卸械褉械谢褜械,1709
蟹邪锌褍褋褌懈褌褜,1707
褍胁械褉械薪薪芯褋褌褜,1707
褋褌褍泻,1707
锌芯谢芯褌械薪褑械,1706
褕褉邪屑,1705
泻褉械褋褌,1704
褌褉邪褌邪,1702
锌械褔械薪褜,1701
褉褍斜邪褕泻邪,1701
斜芯卸懈泄,1701
锌褉芯懈蟹胁械褋褌懈,1701
褋褍褖械褋褌胁芯胁邪薪懈械,1699
褎芯薪,1698
芯褌写邪胁邪褌褜,1697
写褘屑,1696
屑芯褌芯褑懈泻谢,1692
锌谢芯褌褜,1690
锌褍褌械屑,1687
邪泻褌褉懈褋邪,1687
谐邪写芯褋褌褜,1686
锌褉懈褞褌,1682
谐邪褉邪卸,1682
薪邪写械谢,1680
锌芯褏芯写,1678
褋褌邪薪褑懈褟,1675
斜邪褉写邪泻,1672
泻邪褌邪褌褜褋褟,1671
褍褋锌芯泻芯懈褌褜,1670
褉械卸懈褋褋械褉,1669
斜邪泻,1669
褋谢芯卸薪褘泄,1666
锌褉懈胁褘泻薪褍褌褜,1664
锌褉邪胁芯褋褍写懈械,1663
锌懈谢邪,1661
锌褉械写褋褌邪胁懈褌械谢褜,1659
褍屑薪懈褑邪,1659
锌芯屑械褖械薪懈械,1659
锌褉械写褔褍胁褋褌胁懈械,1658
泻褉芯谢懈泻,1657
褋褍屑屑邪,1657
屑邪褌褍褕泻邪,1656
锌芯写谐芯褌芯胁懈褌褜褋褟,1654
斜褍屑邪谐邪,1654
锌褉芯懈蟹胁芯写褋褌胁芯,1653
芯斜薪邪褉褍卸懈褌褜,1653
泻芯泻邪懈薪,1653
薪邪锌褉褟屑褍褞,1650
泻褍褉懈褑邪,1648
芯褌谢芯卸懈褌褜,1648
褏褉邪屑,1646
褋褌械锌械薪褜,1646
芯褌泻谢褞褔懈褌褜,1644
蟹邪斜邪胁薪褘泄,1643
褕褌芯褉屑,1643
褉械写邪泻褑懈褟,1642
胁薪械褋褌懈,1641
谐褉邪褎懈泻,1641
写芯泻褍屑械薪褌,1640
锌褉懈斜褘谢褜,1639
褔械褋褌薪褘泄,1637
锌懈褑褑邪,1636
懈谐薪芯褉懈褉芯胁邪褌褜,1636
泻芯褉芯胁邪,1635
懈蟹斜械谐邪褌褜,1634
薪械泻芯谐写邪,1634
褋谢芯屑邪褌褜,1632
卸邪谢械褌褜,1632
谐谢褍斜芯泻懈泄,1631
锌芯斜械谐,1631
褉芯斜芯褌,1629
锌芯褔懈褌邪褌褜,1626
芯泻邪蟹邪褌褜,1626
褋懈薪写褉芯屑,1625
褌械泻褋褌,1624
锌芯褔械褉泻,1623
褋锌芯褉褌,1622
胁械褋械谢懈褌褜褋褟,1619
泻芯谢械褋芯,1618
褋锌褉邪胁械写谢懈胁芯褋褌褜,1616
斜褍褌褘谢泻邪,1615
褍胁械谢懈褔懈褌褜,1615
褕泻邪褎,1613
褎芯泻褍褋,1609
褋褌褉邪褕薪褘泄,1607
谐芯褉邪,1606
屑械褔褌邪褌褜,1605
锌褍褌械褕械褋褌胁芯胁邪褌褜,1605
胁写芯褏,1601
褏芯谢芯写薪褘泄,1600
胁褘斜懈褉邪褌褜褋褟,1596
屑械褉蟹邪胁械褑,1595
褋锌械泻褌邪泻谢褜,1594
芯写械褟谢芯,1594
斜芯谐邪褌褘泄,1592
薪邪褉芯褔薪芯,1592
胁芯芯斜褉邪卸械薪懈械,1589
蟹邪锌芯谢薪懈褌褜,1589
薪邪薪械褋褌懈,1589
蟹邪屑械褋褌懈褌械谢褜,1588
芯锌邪褋薪褘泄,1586
卸械谢褍写芯泻,1586
锌谢械屑褟薪薪懈泻,1586
胁褘泻懈薪褍褌褜,1584
褋谢褘褕褜,1584
谢芯胁懈褌褜,1580
褋锌械褌褜,1580
褋芯谐谢邪褋懈械,1579
胁褘谢械褔懈褌褜,1578
胁褘锌褍褋泻,1576
褉械泻芯褉写,1575
褍卸懈薪邪褌褜,1573
屑邪褉褕邪谢,1570
写懈邪谐薪芯蟹,1570
褏芯斜斜懈,1570
褕谢褟锌邪,1569
泻邪蟹邪褌褜褋褟,1567
褌褍锌懈泻,1566
褉邪蟹褉褘胁,1566
褔械谢芯胁械褔械褋褌胁芯,1565
褋褌胁芯谢,1563
芯锌芯蟹薪邪褌褜,1563
懈谢褜,1562
薪邪锌邪褋褌褜,1561
锌械褋,1561
褋胁懈褌械褉,1559
锌械褋,1559
褕褍褌懈褌褜,1559
锌褉褘谐邪褌褜,1558
褋械泻褋褍邪谢褜薪褘泄,1557
蟹邪斜懈褉邪褌褜,1555
蟹邪泻谢褞褔械薪懈械,1554
锌邪褉褌懈褟,1553
屑械写芯胁褘泄,1552
懈屑锌械褉邪褌芯褉,1551
胁蟹谢芯屑邪褌褜,1549
锌芯蟹写薪械械,1549
锌褉芯谐褉械褋褋,1549
芯褋薪芯胁薪芯泄,1548
谢械胁,1548
芯褑械薪懈褌褜,1547
褉懈褋芯胁邪褌褜,1546
锌械褉褋芯薪邪谢,1546
褌芯褉芯锌懈褌褜褋褟,1546
泻芯褉芯褌泻懈泄,1546
锌械褔邪褌褜,1545
泻邪薪写懈写邪褌,1545
写褘褉邪,1544
屑懈薪褍褋,1543
褋锌芯褉,1543
锌邪锌邪褕邪,1543
谢邪斜芯褉邪褌芯褉懈褟,1542
锌褉懈褋褍褌褋褌胁芯胁邪褌褜,1540
芯斜褗褟胁懈褌褜,1540
褉械泻谢邪屑邪,1535
褋胁芯斜芯写薪褘泄,1535
褉褍褔泻邪,1535
褋芯屑薪械胁邪褌褜褋褟,1534
褍锌褉邪胁谢褟褞褖懈泄,1534
褋褌邪薪芯胁懈褌褜褋褟,1532
褉械蟹褞屑械,1532
锌褉懈褋屑芯褌褉械褌褜,1531
斜芯泻,1529
写芯锌芯蟹写薪邪,1529
薪邪锌褉褟卸械薪懈械,1528
芯褌锌械褔邪褌芯泻,1526
褔邪褋褌薪褘泄,1526
褉芯写,1525
褋锌懈薪邪,1525
写邪胁懈褌褜,1524
褞褉懈褋褌,1522
褕械褋褌芯泄,1521
薪邪谐褉邪写邪,1520
写褍褉邪褑泻懈泄,1519
褉邪斜芯褌薪懈泻,1518
锌芯卸懈褌褜,1518
芯斜芯泄褌懈,1517
褉邪褋褋屑芯褌褉械褌褜,1517
斜邪谐邪卸,1516
写械谢懈褌褜褋褟,1516
锌褜褟薪褘泄,1516
屑褘褕褜,1513
锌褟褌褘泄,1511
锌褉懈泻褉褘褌褜,1510
卸褍褉薪邪谢懈褋褌,1510
芯褌褔邪褋褌懈,1507
锌褉芯泻谢褟褌褘泄,1506
芯褌胁谢械褔褜,1506
写械褌褋褌胁芯,1503
卸邪褉,1502
蟹薪邪泻芯屑褘泄,1502
蟹邪写褍屑邪褌褜褋褟,1502
褉邪蟹斜懈褉邪褌褜褋褟,1501
锌械褋芯泻,1500
褌褉邪写懈褑懈褟,1500
胁褘锌懈胁泻邪,1497
褍谐芯胁芯褉懈褌褜,1497
锌褉褟屑懈泻芯屑,1496
褋褉邪斜芯褌邪褌褜,1495
褋芯褏褉邪薪褟褌褜,1495
锌芯薪褉邪胁懈褌褜褋褟,1494
蟹邪褏芯写懈褌褜,1494
蟹薪邪褔懈褌褜,1494
芯褌写褘褏邪褌褜,1491
芯斜芯泄褌懈褋褜,1490
薪械谐芯写褟泄,1489
褋芯褌芯胁褘泄,1488
薪邪泻邪蟹邪褌褜,1486
写芯屑邪褕薪懈泄,1486
谐芯褋锌懈褌邪谢褜,1485
械谢械,1484
褟泻芯斜褘,1484
褏芯谢谢,1483
褉懈褋褍薪芯泻,1483
褋褌褉邪褏芯胁泻邪,1483
褋芯褌褉褍写薪懈泻,1483
泻褉邪泄,1482
蟹邪褋械写邪薪懈械,1481
锌褉芯褏芯写,1481
褕谢械屑,1481
褋芯锌褉芯褌懈胁谢械薪懈械,1479
芯斜褟蟹邪薪薪芯褋褌褜,1479
芯褉谐邪薪懈蟹邪褑懈褟,1479
懈薪褋褌褉褍屑械薪褌,1479
锌芯褔褌邪,1477
芯褏芯褌懈褌褜褋褟,1477
褔械锌褍褏邪,1476
芯褌泻邪蟹邪褌褜,1474
芯斜械写邪褌褜,1473
锌芯械蟹卸邪泄,1473
芯蟹薪邪褔邪褌褜,1472
斜谢邪谐芯,1472
褋谢褍谐邪,1471
薪芯胁械薪褜泻懈泄,1470
褍褔械薪懈泻,1470
胁芯褉芯褌,1468
褉械邪谢褜薪褘泄,1468
懈蟹褍褔懈褌褜,1467
锌芯泻械褉,1466
卸邪谢泻懈泄,1465
褋褔邪褋褌谢懈胁褔懈泻,1465
胁褘写邪褌褜,1464
褋褍写械斜薪褘泄,1464
锌芯蟹写芯褉芯胁邪褌褜褋褟,1461
胁械谢懈泻芯谢械锌薪褘泄,1461
褋懈写械薪褜械,1461
懈褋泻谢褞褔械薪懈械,1460
谢械蟹褌褜,1460
屑邪褉褕褉褍褌,1460
褝泻褉邪薪,1457
褉懈褌屑,1455
薪邪褉褟写,1453
锌芯写褌胁械褉卸写械薪懈械,1452
褋谢邪胁薪褘泄,1451
斜械写薪褟谐邪,1451
谢褞斜懈褌械谢褜,1451
褕邪谐芯屑,1451
褉褍泻芯胁芯写褋褌胁芯,1451
泻邪褉屑邪薪,1450
褍谢褘斜邪褌褜褋褟,1450
褟斜谢芯泻芯,1449
锌褉邪蟹写薪芯胁邪褌褜,1446
胁械褉褌芯谢械褌,1445
锌褉芯褑械写褍褉邪,1444
谐褉芯斜,1444
锌芯谢芯卸懈褌褜褋褟,1443
锌褉芯褟胁懈褌褜,1440
谢械谐泻懈械,1440
锌芯泻芯谢械薪懈械,1438
谐芯褌芯胁懈褌褜褋褟,1436
褋芯锌褉芯褌懈胁谢褟褌褜褋褟,1436
屑懈泻褉芯褎芯薪,1433
懈薪芯泄,1433
卸邪谢芯胁邪褌褜褋褟,1432
斜芯械胁芯泄,1432
谐芯谢芯褋芯胁邪褌褜,1432
锌褉芯褌懈胁芯褋褌芯褟褌褜,1432
薪械蟹邪褔械屑,1431
写褉邪泻邪,1429
褉邪蟹斜懈褌褜,1427
锌褉芯懈蟹薪械褋褌懈,1427
褋胁械褋褌懈,1427
褌芯谢褋褌褘泄,1421
屑械褉褌胁褘泄,1421
锌褌懈褔泻邪,1420
锌褉芯锌褍褋泻,1419
芯褌薪械褋褌懈,1419
胁褋褌褍锌懈褌褜,1419
屑懈谐,1419
褋胁懈写械褌械谢褜褋褌胁芯,1418
褋械褉懈泄薪褘泄,1418
褌褉邪褏薪褍褌褜,1417
褋褗械屑,1416
蟹邪械褏邪褌褜,1415
谢械褔懈褌褜,1413
锌芯褋褌邪褉邪褌褜褋褟,1413
锌褉械芯写芯谢械褌褜,1412
胁械谢懈泻,1412
褉械泻邪,1412
褉邪褋褋褌芯褟薪懈械,1411
锌褉械写锌芯谢芯卸械薪懈械,1411
褑邪褉褜,1411
褉邪蟹褉械褕懈褌褜,1410
谢懈褋褌,1409
褋谢褍褔邪械屑,1409
褋芯胁械褖邪薪懈械,1409
写褉邪泻芯薪,1408
泻芯谢械薪芯,1407
褍写芯褋褌芯胁械褉械薪懈械,1407
泻芯屑锌芯蟹懈褌芯褉,1406
泻褉械锌泻懈泄,1406
邪褌邪泻邪,1406
胁锌褉褟屑褜,1405
锌芯褋械褌懈褌褜,1404
芯斜胁懈薪褟褌褜,1404
卸褞褉懈,1403
褉械泄,1402
锌芯写芯薪芯泻,1401
褔芯泻薪褍褌褘泄,1400
泻芯锌邪褌褜,1399
斜谢懈蟹薪械褑褘,1399
锌褉邪褏,1398
蟹褉械谢懈褖械,1398
屑懈薪懈褋褌械褉褋褌胁芯,1398
芯斜屑芯褉芯泻,1397
褌褉褍写薪褘泄,1397
褔械褌胁械褉褌褜,1396
泻芯薪胁械褉褌,1394
褋芯褉械胁薪芯胁邪薪懈械,1393
褔械褌胁械褉褌褘泄,1393
薪械褉胁薪懈褔邪褌褜,1393
褉械屑械薪褜,1391
泻褍褉褋褘,1391
屑械褋褌芯薪邪褏芯卸写械薪懈械,1391
薪邪褋泻胁芯蟹褜,1389
褋芯褋褌邪胁,1388
芯褋褌邪薪泻懈,1387
谢褍泻邪,1386
褑懈褉泻,1386
芯斜薪褟褌褜,1386
胁褋泻褉褘褌懈械,1384
谢褞斜芯胁薪懈泻,1384
锌谢邪屑褟,1383
锌芯卸械褉褌胁芯胁邪褌褜,1383
锌芯胁懈写邪褌褜,1383
斜械褉械褌,1382
锌械褉械写邪褔邪,1381
屑邪谢褘泄,1378
薪褟薪褟,1377
褋械褉褜械蟹薪褘泄,1376
褍褏芯写,1376
芯斜谢邪褋褌褜,1376
锌褍褕泻邪,1376
芯褏褉邪薪褟褌褜,1374
锌褉芯褎械褋褋懈芯薪邪谢,1374
芯泻褉褍谐,1374
胁写胁芯械,1374
蟹邪谐芯胁芯褉,1373
锌芯褌芯褉芯锌懈褌褜褋褟,1372
芯斜写褍屑邪褌褜,1372
褋薪懈蟹褍,1372
蟹邪褟胁懈褌褜,1370
褉褍泻芯胁芯写懈褌械谢褜,1370
胁胁械褋褌懈,1370
锌褉芯褋谢械写懈褌褜,1369
写芯胁械褉懈褌褜褋褟,1369
蟹邪胁芯写,1369
褋褌械褉械褌褜,1369
褋泻芯褌懈薪邪,1368
薪邪锌芯屑懈薪邪褌褜,1367
锌褉芯胁邪谢,1366
锌褉懈褔械屑,1365
懈薪褑懈写械薪褌,1365
胁褏芯写懈褌褜,1364
褍锌邪褋褌褜,1364
锌邪褋褌褜,1362
锌褉芯褋褌懈褌褍褌泻邪,1362
懈蟹胁懈薪懈褌褜,1362
锌芯薪邪褔邪谢褍,1361
芯褌褔械谐芯,1361
泻褉械屑,1361
谐褉邪卸写邪薪懈薪,1359
锌芯胁械谢懈褌械谢褜,1359
锌芯写写械谢泻邪,1359
胁芯懈薪,1358
褉邪褋褋褌褉芯泄褋褌胁芯,1357
锌邪写械薪懈械,1357
锌芯褌芯泻,1357
蟹邪胁械褖邪薪懈械,1354
斜谢芯泻,1354
谢邪写褘,1353
屑械写邪谢褜,1353
锌芯胁械褉薪褍褌褜,1352
锌芯谐懈斜薪褍褌褜,1352
邪写屑懈褉邪谢,1351
锌褉懈械蟹卸邪褌褜,1350
锌芯薪懈,1349
锌芯褉褌懈褌褜,1348
锌褟褌薪懈褑邪,1348
锌芯泻谢芯薪薪懈泻,1347
谐械褉芯懈薪,1347
写邪斜褘,1347
斜邪斜邪,1347
锌芯薪懈屑邪薪懈械,1346
褋褞卸械褌,1344
锌褍褋褌懈褌褜,1344
泻褍泻谢邪,1343
写械褉械胁薪褟,1342
褎懈薪邪谢,1342
锌褉芯懈谐褉邪褌褜,1341
褋懈褉械薪邪,1341
泻邪褔械褋褌胁芯,1339
褋谢邪斜褘泄,1336
褋褌褍写械薪褌,1336
蟹邪褑械锌泻邪,1335
胁褘写械褉卸邪褌褜,1334
芯褋屑芯褌褉,1334
蟹邪谐邪写泻邪,1333
屑械褏邪薪懈蟹屑,1332
泻懈褋谢芯褉芯写,1332
蟹屑械泄,1331
褍褋褘,1330
邪泻褌械褉,1330
胁褘蟹褘胁邪褌褜,1329
褋写邪胁邪褌褜褋褟,1329
褍泻褉褘褌懈械,1327
泻芯薪褎谢懈泻褌,1327
褌褉芯薪,1326
锌芯褏芯褉芯薪懈褌褜,1326
卸械薪褋泻懈泄,1326
械胁褉械懈,1325
泻芯蟹械谢,1324
褑械谢芯胁邪褌褜,1324
写械褌邪谢褜,1323
薪邪蟹薪邪褔懈褌褜,1322
泻褍蟹懈薪邪,1320
锌芯褌械薪褑懈邪谢,1320
褕褌褉邪褎,1317
蟹懈屑芯泄,1317
褌褉褍写,1316
写芯谢褟,1313
锌芯谢褍褔懈褌褜褋褟,1310
锌褉芯械褏邪褌褜,1310
锌褉芯泻邪褌懈褌褜褋褟,1308
蟹邪褋褍薪褍褌褜,1307
锌褉懈薪芯褋懈褌褜,1307
褉邪薪褔芯,1306
褟褉芯褋褌褜,1306
胁泻褍褋薪褘泄,1306
褉褞泻蟹邪泻,1305
写胁械褋褌懈,1305
斜械褉械屑械薪薪芯褋褌褜,1304
锌芯写褋褌邪胁懈褌褜,1304
褎械褋褌懈胁邪谢褜,1302
芯泻褉褍卸薪芯泄,1301
褌械褏薪懈泻邪,1300
斜褘胁邪褌褜,1299
褉褍卸褜械,1299
蟹邪锌褉芯褋褌芯,1296
芯斜褉邪褌懈褌褜,1295
褋械写褜屑芯泄,1294
胁褋械褉褜械蟹,1294
褍谐芯胁芯褉,1293
锌芯写邪胁邪褌褜,1292
锌芯胁械褉褏薪芯褋褌褜,1291
胁写芯胁邪,1291
褋褌芯懈屑芯褋褌褜,1291
蟹邪胁械写械薪懈械,1289
蟹邪胁械褉褕懈褌褜,1288
褉邪写芯胁邪褌褜褋褟,1288
锌芯蟹写褉邪胁懈褌褜,1287
褌褉懈卸写褘,1287
懈薪褋褌懈褌褍褌,1286
泻谢芯褍薪,1286
胁泻谢邪写,1286
褋屑械褋褜,1286
胁褘褋褌邪胁懈褌褜,1285
写邪褉芯屑,1285
胁械写褍褖懈泄,1285
胁芯谢褕械斜薪懈泻,1285
锌芯胁谢懈褟褌褜,1282
锌褉芯写褍泻褌,1282
褋斜褉芯褋懈褌褜,1280
泻芯褉芯谢械胁褋褌胁芯,1276
卸懈谢褜械,1276
褋械泻褉械褌薪褘泄,1275
褋褍屑邪褋褕械褋褌胁懈械,1275
褋褍褖械褋褌胁芯胁邪褌褜,1274
褍写芯褋褌芯胁械褉懈褌褜褋褟,1274
锌芯泻芯泄薪懈泻,1273
薪芯卸薪懈褑褘,1273
褍谐芯褋褌懈褌褜,1273
斜褞写卸械褌,1271
胁芯谢薪邪,1271
褏芯谢芯写薪邪褟,1270
懈薪褎械泻褑懈褟,1270
褎褉邪蟹邪,1269
褋褌邪褉褌,1268
胁褘薪芯褋懈褌褜,1268
邪锌锌械褌懈褌,1267
锌褉芯写芯谢卸械薪懈械,1265
锌械褉褋懈,1265
薪邪谢懈褔懈械,1264
芯斜械蟹褜褟薪邪,1263
写芯锌褉芯褋懈褌褜,1263
屑械褋褌芯锌芯谢芯卸械薪懈械,1261
褋械邪薪褋,1261
褞薪芯褕邪,1260
谢械写,1260
芯褌褘褋泻邪褌褜,1260
屑芯褕械薪薪懈泻,1259
薪械薪芯褉屑邪谢褜薪褘泄,1259
斜褍褉褟,1257
斜械褋锌谢邪褌薪褘泄,1256
褝泻懈锌邪卸,1256
胁械褉薪芯褋褌褜,1255
薪邪褋谢邪写懈褌褜褋褟,1252
褏胁邪褌邪褌褜,1252
褌褜屑邪,1252
泻邪蟹薪褜,1251
褉褟写芯胁芯泄,1251
蟹薪邪屑械薪懈褌褘泄,1251
蟹褉械薪懈械,1251
锌芯屑械褋褌懈褌褜,1250
褌械褉褉懈褌芯褉懈褟,1249
褑械褉械屑芯薪懈褟,1247
卸懈写泻芯褋褌褜,1246
褌懈褏懈泄,1245
锌邪褌褉褍谢褜,1245
褏褉懈褋褌芯褋,1245
锌褉芯写邪胁械褑,1245
胁薪邪褔邪谢械,1245
锌褉芯蟹胁懈褖械,1241
胁褋褞写褍,1240
锌芯胁邪褉,1240
褉邪褍薪写,1240
锌褉懈胁褘褔泻邪,1240
懈屑褍褖械褋褌胁芯,1239
胁写邪谢懈,1239
锌褉懈写械褉卸懈胁邪褌褜褋褟,1238
蟹邪写薪懈泄,1238
斜邪谐邪卸薪懈泻,1237
懈谐褉褍褕泻邪,1237
芯写械褌褜,1236
屑邪褋泻邪,1235
胁褘褋褌褉械谢懈褌褜,1233
泻褉褍锌薪褘泄,1233
泻芯褉锌褍褋,1233
锌芯褋谢械蟹邪胁褌褉邪,1233
褋斜懈褌褜,1233
锌芯写褉邪蟹写械谢械薪懈械,1232
褌械谢械胁懈写械薪懈械,1231
薪懈芯褌泻褍写邪,1230
薪械褋褔邪褋褌褜械,1230
泻芯褋屑懈褔械褋泻懈泄,1229
薪邪卸邪褌褜,1227
芯写懈薪薪邪写褑邪褌褜,1226
卸械谢邪褌褜,1226
锌褉懈泻谢褞褔械薪懈械,1225
蟹邪褌泻薪褍褌褜褋褟,1225
斜械泄褋斜芯谢,1224
蟹邪褋褌褉械谢懈褌褜,1223
薪械芯斜褏芯写懈屑芯褋褌褜,1223
泻胁邪褉褌邪谢,1223
锌懈褌邪薪懈械,1221
薪邪谢邪写懈褌褜,1221
锌芯泻懈写邪褌褜,1218
褍褔械薪褘泄,1218
邪斜芯褉褌,1218
褌泻邪薪褜,1214
褉芯写褘,1214
锌芯谢褞斜懈褌褜,1214
褋褌褉芯泄,1213
蟹写芯褉芯胁褘泄,1213
泻褉褘谢芯,1213
懈褋泻谢褞褔懈褌褜,1211
锌褉芯褎懈谢褜,1211
胁械写褉芯,1209
锌褋懈褏懈邪褌褉,1209
锌芯蟹懈褑懈褟,1208
薪褘薪褔械,1208
褞薪褘泄,1207
谐芯褋褍写邪褉褋褌胁芯,1207
褉懈褌褍邪谢,1207
锌褉芯褎械褋褋懈芯薪邪谢褜薪褘泄,1206
薪械卸械谢懈,1204
屑邪褝褋褌褉芯,1204
胁械褉褏芯屑,1204
泻芯薪,1204
锌械褉械谢芯屑,1203
蟹邪谢械蟹褌褜,1202
懈褋锌芯谢薪懈褌褜,1200
芯锌褍褋褌懈褌褜,1200
邪谢褜,1200
芯胁芯褖懈,1200
褏邪薪邪,1199
胁褉邪褋锌谢芯褏,1199
褋锌褍褌薪懈泻,1199
谢芯斜,1198
褉褘褑邪褉褜,1198
蟹邪锌懈褋泻邪,1197
褕褌邪斜,1196
薪邪胁褋褌褉械褔褍,1195
胁薪械褕薪芯褋褌褜,1193
谐芯褉薪懈褔薪邪褟,1193
写懈薪邪,1193
褉邪蟹褉褟写,1192
芯褉谐邪薪懈蟹屑,1192
懈褋褌懈薪薪褘泄,1192
写芯泻谢邪写,1191
锌褉械写锌褉懈薪褟褌褜,1191
邪锌谢芯写懈褋屑械薪褌褘,1190
褍斜懈褉邪褌褜,1190
锌芯写芯斜褉邪褌褜,1189
锌褉芯褖械薪懈械,1189
写卸械褉褋懈,1189
芯写懈薪芯泻懈泄,1188
锌芯褉胁邪褌褜,1188
锌芯褌懈褏芯薪褜泻褍,1187
褔械褋褌薪芯泄,1187
胁芯械胁邪褌褜,1187
锌褉懈褋谢邪褌褜,1187
芯斜褘褋泻邪褌褜,1186
褌懈谐褉,1185
泻芯薪褜,1185
褌械褉屑懈薪,1184
褔械谢芯胁械褔械褋泻懈泄,1184
锌褉邪胁懈褌褜,1182
褋谢械写芯胁邪褌械谢褜薪芯,1182
褑械薪薪芯褋褌褜,1179
锌芯锌懈褌褜,1179
邪褋褋懈褋褌械薪褌,1179
褋屑械谢褘泄,1177
褔械褉褌芯胁褖懈薪邪,1177
锌懈褉芯谐邪,1177
芯褎懈褑懈邪薪褌,1175
褋斜芯褉,1175
锌褉械写邪褌械谢褜褋褌胁芯,1174
邪褌邪泻芯胁邪褌褜,1174
褋写械褉卸邪褌褜,1172
褖懈褌,1169
屑邪薪褜褟泻,1169
锌褉懈褋褌褉械谢懈褌褜,1169
锌芯褟褋,1162
锌谢邪褖,1162
褋褌芯褟,1161
锌芯谢邪谐邪褌褜,1160
褋芯谢薪械褔薪褘泄,1160
锌褍谐邪褌褜,1158
薪芯褉屑邪,1157
褋褉械写薪懈泄,1157
蟹邪锌褉械褌,1156
褎懈谐邪,1156
卸械褋褌,1156
芯褉邪褌褜,1155
谢械褌邪,1155
屑芯谢薪懈褟,1154
褋屑械谢芯褋褌褜,1153
褉械锌芯褉褌邪卸,1152
泻褉械锌芯褋褌褜,1150
褉芯写褋褌胁械薪薪懈泻,1150
褏谢邪屑,1150
褔懈薪,1150
褌褍屑邪薪,1149
斜邪褉屑械薪,1149
锌械褉械蟹胁芯薪懈褌褜,1149
锌褉芯褋薪褍褌褜褋褟,1148
褋锌械褉械写懈,1148
锌褉芯泄褌懈褋褜,1148
写械褟褌械谢褜薪芯褋褌褜,1148
芯写懈薪芯褔械褋褌胁芯,1146
锌芯写薪懈屑邪褌褜,1146
褌褉邪薪褋锌芯褉褌,1145
懈褋锌褘褌邪褌褜,1144
褌邪泄薪褘泄,1144
芯褌薪褟褌褜,1144
褔邪械胁褘械,1143
谐邪蟹械褌邪,1142
芯褌斜谢邪谐芯写邪褉懈褌褜,1141
锌邪褉薪懈褕泻邪,1141
蟹邪锌邪褋,1141
芯褌褉械蟹邪褌褜,1138
褍锌褍褋褌懈褌褜,1137
锌芯褉褌,1135
邪胁褌芯屑邪褌,1134
斜懈褌褜褋褟,1134
褌褉邪胁邪,1134
褉芯蟹芯胁褘泄,1133
芯锌芯蟹写邪薪懈械,1133
薪械写芯褋褌邪褌芯泻,1132
褍褌械褔泻邪,1131
屑懈薪邪,1131
锌芯谢械褌,1130
褌芯谢泻芯屑,1128
褎褉邪薪褑褍蟹褘,1127
褍胁械褋褌懈,1127
胁褌褉芯械屑,1126
蟹邪锌械褉械褌褜,1126
褟薪泻懈,1125
褉邪薪械薪懈械,1124
褉邪蟹芯屑,1124
褌褟薪褍褌褜,1123
谐械褉褑芯谐,1123
斜械蟹褍屑薪褘泄,1122
薪邪褋谢械写褋褌胁芯,1122
锌褉芯胁械写邪褌褜,1122
写褍褉褜,1122
褍屑薪懈泻,1121
谢褍褔,1121
谢懈褕懈褌褜,1121
褍泻芯谢,1120
懈褉芯薪懈褟,1119
芯谐褉邪斜懈褌褜,1118
泻邪褉褌芯褔泻邪,1117
褉芯卸写械薪懈械,1117
胁械褋薪芯泄,1116
褋泻褉褘褌褜褋褟,1116
锌褉邪泻褌懈泻邪,1116
薪邪锌褉邪胁懈褌褜,1116
褋械褋褌褉械薪泻邪,1115
褑械锌褜,1115
褍谢懈泻邪,1114
泻芯薪褋褍谢褜褌邪薪褌,1114
蟹薪邪薪懈械,1113
锌谢芯写,1113
褋褋芯褉邪,1112
锌邪褉褌薪械褉,1111
懈薪卸械薪械褉,1109
褋褌褉械谢褜斜邪,1107
芯褌泻褉褘褌褘泄,1107
泻芯胁斜芯泄,1106
褉邪泻械褌邪,1106
蟹谢芯褋褌褜,1106
锌芯褋械褌懈褌械谢褜,1106
蟹邪泻芯薪褔懈褌褜褋褟,1105
泻褉邪褋褌褜,1105
褋芯写械褉卸邪薪懈械,1104
褌褉褍褋懈泻懈,1104
懈蟹胁谢械褔褜,1103
褑械谢芯胁邪褌褜褋褟,1103
褉邪褋褋谢械写芯胁邪褌褜,1103
邪褉芯屑邪褌,1100
胁薪褍泻,1099
褋褌褉械谢泻邪,1098
斜芯械褑,1097
胁谢械胁芯,1097
邪斜褋褍褉写,1097
薪懈褔褍褌褜,1097
褋械泻褌芯褉,1097
屑械褉芯锌褉懈褟褌懈械,1096
芯斜械褖邪褌褜,1094
褕械褟,1092
锌芯卸械谢邪褌褜,1092
芯褌褋褌褍锌懈褌褜,1092
谐薪械蟹写芯,1091
胁械褖械褋褌胁芯,1090
写械锌褉械褋褋懈褟,1090
褉邪褋褌懈褌褜,1089
褌褍薪薪械谢褜,1088
褔褍褌芯泻,1088
褌邪褔泻邪,1085
写卸懈薪褋褘,1085
谐谢褍褏芯泄,1085
斜芯褋褌芯薪,1084
胁懈写邪褌褜,1084
屑褘褌褜,1084
卸邪褉邪,1083
屑邪谢芯褋褌褜,1082
锌芯写褉芯褋褌芯泻,1082
蟹邪褖懈褌薪懈泻,1082
褋褌褉邪褌械谐懈褟,1081
懈褋褌懈薪邪,1081
薪械泻懈泄,1080
泻褉邪卸邪,1080
褋褉械写邪,1079
褍屑械褌褜,1079
泻芯褉懈写芯褉,1079
泻褍褉褌泻邪,1078
懈蟹屑械薪械薪懈械,1078
屑邪褋褋邪,1077
芯屑邪褉,1077
写芯胁械褋褌懈,1075
谐芯褉芯写芯泻,1073
写械斜懈谢,1073
薪芯褔械胁邪褌褜,1072
锌械褉械写褍屑邪褌褜,1072
锌芯锌芯谢邪屑,1071
胁谢褞斜懈褌褜褋褟,1071
褌芯锌谢懈胁芯,1071
蟹邪胁芯写懈褌褜,1070
泻芯谢谢械泻褑懈褟,1069
斜邪褏,1069
锌芯褋褘谢邪褌褜,1069
锌褟褌械褉芯,1068
褉械薪褌谐械薪,1067
锌谢械屑褟薪薪懈褑邪,1066
谐邪写,1066
褍谢褍褔褕懈褌褜,1066
谐械薪械褉邪褌芯褉,1066
锌芯屑械褋褌褜械,1066
锌褉械写邪褌褜,1065
薪邪谢懈褌褜,1065
锌谢邪褌邪,1064
写芯谢芯卸懈褌褜,1064
泻芯褕械谢械泻,1064
芯斜褉邪褖械薪懈械,1064
谢懈褕薪懈泄,1064
褍褌胁械褉卸写邪褌褜,1064
芯褋褌褉褘泄,1063
谢械胁褘泄,1063
锌褉芯斜褉邪褌褜褋褟,1063
谐芯谢芯写,1062
泻芯屑邪薪写芯胁邪薪懈械,1062
褌褟卸械谢褘泄,1062
褋芯斜谢褞写邪褌褜,1062
锌褉懈褌胁芯褉懈褌褜褋褟,1062
谐芯谢,1061
褋邪写懈褌褜褋褟,1061
褎懈褕泻邪,1058
锌褉芯褌械褋褌,1058
锌褍谢褜褌,1057
蟹邪写芯谢谐芯,1055
谢褍泻,1055
锌邪褋褌芯褉,1054
卸懈褉薪褘泄,1054
褌懈褌褍谢,1054
屑芯褖薪芯褋褌褜,1052
胁褘谐薪邪褌褜,1052
褋芯斜懈褉邪褌褜褋褟,1052
褉邪薪懈褌褜,1051
懈褋褋谢械写芯胁邪褌褜,1051
薪邪褑懈芯薪邪谢褜薪褘泄,1050
褋褍斜褗械泻褌,1049
芯写械胁邪褌褜褋褟,1049
写懈锌谢芯屑,1049
懈屑屑褍薪懈褌械褌,1048
懈薪褋褌懈薪泻褌,1048
蟹械谢械薪褘泄,1048
褉械写泻芯褋褌褜,1047
褌芯褉谐芯胁褘泄,1046
锌械褉械谐芯胁芯褉懈褌褜,1046
胁褉械屑械薪邪屑懈,1044
薪邪斜褉邪褌褜,1044
胁褘胁芯写,1044
卸械褋褌芯泻懈泄,1044
锌芯褉芯褕芯泻,1043
蟹邪胁芯械胁邪褌褜,1042
褍褏邪卸懈胁邪褌褜,1042
薪邪谐芯褌芯胁械,1042
褕邪褉褎,1040
褋褍褖薪芯褋褌褜,1040
屑懈谢芯褔泻邪,1040
蟹邪卸懈胁芯,1040
卸褍褌泻懈泄,1040
褋褌褉芯懈褌械谢褜褋褌胁芯,1039
锌褉芯褉褘胁,1039
泻邪褉褌,1038
屑械薪褟褌褜褋褟,1038
锌褉芯褖邪薪懈械,1037
褎械褉屑邪,1037
胁芯谢褕械斜薪褘泄,1037
胁芯卸写褜,1037
褉邪斜,1036
写芯泄褌懈,1036
写械褌褋泻邪褟,1036
锌褉褘卸芯泻,1035
褍写懈胁懈褌械谢褜薪褘泄,1034
褕邪褉懈泻,1032
写芯褋褌芯懈薪褋褌胁芯,1031
谐谢褍锌械褑,1030
褌械褏薪芯谢芯谐懈褟,1030
斜械泻芯薪,1030
锌芯褉褌械褉,1030
褌械褉邪锌懈褟,1029
褉邪蟹胁懈褌懈械,1029
褋褌褉邪薪懈褑邪,1028
褏芯谢芯写,1028
锌芯褏懈褌懈褌褜,1028
锌褉懈泻芯薪褔懈褌褜,1028
锌谢芯褖邪写褜,1027
芯斜褉械褋褌懈,1027
蟹芯芯锌邪褉泻,1026
锌芯褔泻懈,1026
褋褋芯褉懈褌褜褋褟,1026
薪械褉胁薪褘泄,1026
锌芯谐褍谢褟褌褜,1026
谢褞斜芯胁薪懈褑邪,1025
泻谢邪褋褋懈泻邪,1024
斜邪褉芯薪,1023
屑褘谢芯,1023
写懈泻懈泄,1023
芯斜褖械薪懈械,1022
锌懈泻薪懈泻,1022
屑褍蟹褘泻邪谢褜薪褘泄,1022
斜邪谢邪薪褋,1022
锌械薪懈械,1022
芯锌械褉懈褉芯胁邪褌褜,1021
胁邪薪薪邪褟,1019
写芯褏芯写,1019
锌芯胁褉械卸写械薪懈械,1018
褎芯褌芯谐褉邪褎,1018
芯褉泻械褋褌褉,1018
泻褍褕邪褌褜,1017
锌芯写芯斜褉邪褌褜褋褟,1017
褝谢械屑械薪褌,1017
写芯谢芯泄,1017
锌械褉械褋屑芯褌褉械褌褜,1017
褌芯锌芯褉,1016
薪邪褉褍褕懈褌褜,1016
褋邪谢芯薪,1015
褍褌泻邪,1015
斜械谢褜械,1015
锌褉褟褌邪褌褜,1015
褌械褉褉芯褉懈褋褌,1013
蟹邪薪褍写邪,1013
锌芯褋械褉械写懈薪械,1013
褍褌芯褔薪懈褌褜,1013
芯褋芯蟹薪邪褌褜,1013
褕邪褏屑邪褌褘,1013
锌芯芯斜械褖邪褌褜,1012
屑芯褖褜,1012
斜邪褋泻械褌斜芯谢,1012
锌邪褉懈泻,1012
锌褉芯胁械褉薪褍褌褜,1012
褌褉械薪懈褉芯胁泻邪,1009
褌邪褌褍懈褉芯胁泻邪,1009
褎芯褉褌,1008
锌芯泻谢褟褋褌褜褋褟,1008
芯斜谢械谐褔懈褌褜,1008
锌褉懈薪褑懈锌,1007
蟹邪斜芯谢械胁邪薪懈械,1007
蟹邪泻谢邪写,1007
邪胁褌芯谐褉邪褎,1007
蟹写芯褉芯胁褟泻,1005
写褉褍卸懈褌褜,1005
锌芯写谐芯褌芯胁泻邪,1005
谐械薪,1003
泻懈薪卸邪谢,1002
蟹邪褉锌谢邪褌邪,1001
斜谢邪谐芯褌胁芯褉懈褌械谢褜薪芯褋褌褜,1001
屑褍卸械褋褌胁芯,1000
锌谢邪褌芯泻,1000
胁芯谢褕械斜褋褌胁芯,999
卸邪卸写邪,998
谐芯谢褘泄,997
褎懈谐褍褉邪,997
谢械谐泻懈泄,996
薪邪褔械泻褍,996
褉械蟹邪褌褜,996
懈蟹写邪谢械泻邪,995
斜褉芯褋芯泻,995
写卸械屑,994
锌褉懈蟹薪邪泻,993
蟹懈屑邪,993
泻芯薪谐褉械褋褋,993
斜芯褉芯写邪,993
褋锌邪谢褜薪褟,992
胁锌褉邪胁芯,992
谐邪褉邪薪褌懈褉芯胁邪褌褜,992
褍褉邪谐邪薪,992
褋褍斜斜芯褌邪,992
屑芯谢芯褌芯泻,991
邪褉懈褟,989
锌褉械写械谢,987
锌褉芯褌懈胁薪懈泻,987
泻邪锌褉邪谢,986
薪邪褉泻芯屑邪薪,986
褝褌邪锌,986
褍写懈胁懈褌褜,986
蟹邪锌褟褋褌褜械,984
褋屑械褉褌薪褘泄,984
薪邪褔懈褋褌芯褌褍,983
芯斜褏芯写,983
褉芯写懈褌褜,982
褋褌邪胁泻邪,982
懈屑锌械褉懈褟,981
锌械褉懈屑械褌褉,980
褋褌褘写,979
锌芯褉褌邪谢,978
胁薪褍褌褉械薪薪懈泄,978
褉邪蟹芯褔邪褉芯胁邪薪懈械,978
屑芯褕械薪薪懈褔械褋褌胁芯,978
懈蟹斜邪胁懈褌褜,978
薪械锌芯写邪谢械泻褍,978
写械谢懈褌褜,977
胁锌谢芯褌褜,977
泻邪褉褌懈薪泻邪,977
褍锌芯屑褟薪褍褌褜,977
褉邪蟹芯斜褉邪褌褜,977
褎褉邪薪泻,976
褋褌褍写懈褟,976
写懈蟹邪泄薪,976
锌芯泻邪蟹,975
褉褍谐邪褌褜褋褟,975
褉邪锌芯褉褌,975
谐芯谢芯写薪褘泄,975
芯卸懈写邪薪懈械,974
屑械谢,974
锌褉懈屑械薪懈褌褜,973
薪械谐写械,973
褋械褉械斜褉芯,973
锌械褔邪谢褜,973
薪懈蟹泻懈泄,972
薪懈褔褌芯卸械褋褌胁芯,971
胁褘褋谢械写懈褌褜,971
薪邪褔邪谢褜褋褌胁芯,971
蟹胁邪薪懈械,970
谢械褋褌薪懈褑邪,970
斜懈褔,969
胁芯蟹薪邪谐褉邪卸写械薪懈械,969
谐褉芯屑,969
写懈泻褌芯褉,968
锌邪写邪褌褜,966
胁褘斜懈褌褜,965
褋邪锌芯谐懈,965
芯褌锌褉邪胁谢褟褌褜,965
褏邪谢邪褌,965
胁蟹邪锌械褉褌懈,964
褋芯锌褉芯胁芯卸写邪褌褜,962
斜谢懈蟹泻懈泄,962
褑械薪褌褉邪谢褜薪褘泄,961
泻懈谢芯谐褉邪屑屑,961
斜芯谐懈薪褟,961
薪邪褉懈褋芯胁邪褌褜,961
薪邪褋褌邪胁薪懈泻,960
蟹邪斜谢褍卸写械薪懈械,960
斜械褋械写邪,959
褋褍锌褉褍谐邪,959
写械胁邪,959
褍谢芯胁泻邪,959
锌褉械写褗褟胁懈褌褜,958
锌褉懈斜芯褉,957
薪械褍卸褌芯,957
屑褘褋谢懈褌褜,956
蟹邪胁械褉懈褌褜,956
锌褉懈谢芯卸械薪懈械,955
芯褌胁械褉褋褌懈械,955
薪械屑械褑泻懈泄,955
锌芯褋褌芯褟褌褜,954
褍褋谢芯胁懈械,954
褉邪褋锌芯谢芯卸械薪懈械,953
胁械褋薪邪,953
邪泻褍谢邪,952
蟹邪斜芯褉,952
谐谢芯褌芯泻,951
锌褋懈褏芯谢芯谐,951
薪邪褋屑械褉褌褜,951
褍褋褌褉邪薪懈褌褜,950
屑芯薪邪褋褌褘褉褜,950
写械谢芯胁芯泄,949
褋泻邪蟹泻邪,949
蟹邪屑械褔邪薪懈械,948
邪褌屑芯褋褎械褉邪,948
薪邪褋谢械写懈械,948
锌芯泻褍锌邪褌械谢褜,947
胁褋械屑芯谐褍褖懈泄,947
屑芯褖薪褘泄,946
斜懈蟹薪械褋屑械薪,946
斜褉械屑褟,946
泻芯胁械褉,944
锌褉芯谐褍谢泻邪,944
芯锌褉邪胁写邪褌褜,943
锌褍斜谢懈泻邪,943
胁蟹写芯褉,942
褍谐邪写邪褌褜,942
褉邪蟹芯褉胁邪褌褜,942
卸械褋褌芯泻芯褋褌褜,942
泻芯屑懈褋褋懈褟,942
泻褉褘褕泻邪,941
屑械褉蟹芯褋褌褜,940
泻邪褉写懈薪邪谢,940
锌褉械胁芯褋褏芯写懈褌械谢褜褋褌胁芯,940
屑芯褋褌懈泻,939
写芯褋褌芯泄薪褘泄,937
蟹邪褉褟写,937
胁褋锌褘褕泻邪,937
褋泻芯褌,936
胁锌褉邪胁械,936
锌芯写芯蟹褉械胁邪褌褜,936
谐芯薪,935
薪械蟹薪邪泻芯屑械褑,935
褋褌褘写懈褌褜褋褟,935
锌芯泻邪褌邪褌褜褋褟,934
褌芯褉褔邪褌褜,933
锌褉芯褎械褋褋懈褟,933
褌械薪薪懈褋,933
薪械斜芯褋褜,931
褌芯谢泻,931
胁褘褉胁邪褌褜褋褟,931
褉芯屑,931
锌褉芯褑械薪褌,930
褉褍泻芯胁芯写懈褌褜,929
谐芯褋褍写邪褉褜,929
褍斜械褉械褔褜,929
锌芯褋芯谢褜褋褌胁芯,928
谐芯薪泻邪,928
褋谢械写褋褌胁懈械,928
锌褍褋泻邪褌褜,927
褋芯谢芯,927
屑褍写褉芯褋褌褜,926
胁屑械褕邪褌褜褋褟,926
芯斜褉邪褌薪褘泄,926
褋懈谐薪邪谢懈蟹邪褑懈褟,925
褏褉邪斜褉褘泄,924
锌芯谢锌褍褌懈,923
泻褍谢邪泻,922
褉械锌芯褉褌械褉,921
褔懈褋褌懈褌褜,921
薪邪泻邪薪褍薪械,921
胁褘褋褕懈泄,920
褍褋褌芯褟褌褜,920
谐芯写芯胁褖懈薪邪,920
褋锌褍褋褌懈褌褜,919
泻芯薪谐褉械褋褋屑械薪,919
蟹胁芯薪,919
泻邪写褉,918
薪邪褉褍褕邪褌褜,917
泻薪褟蟹褜,917
褉械胁芯谢褞褑懈褟,916
写芯斜褘褌褜,914
褎褉芯薪褌,914
蟹邪泻邪薪褔懈胁邪褌褜,914
胁械褉写懈泻褌,914
斜谢懈卸邪泄褕懈泄,913
屑邪褌械褉褜,912
写械谢褜褌邪,912
芯褌斜芯泄,912
泻芯薪褌械泄薪械褉,912
褋写邪胁邪褌褜,911
蟹邪褋谢褍卸懈褌褜,911
写褍褉邪褔芯泻,911
屑械褋褌薪芯褋褌褜,909
薪邪胁械褔薪芯,909
褖械薪芯泻,909
褕械褋褌褜写械褋褟褌,909
写械胁泻邪,908
薪邪蟹薪邪褔械薪懈械,908
褋褍褏芯泄,907
斜褍写褍褖懈泄,907
锌芯褝褌,906
泻邪写褉褘,906
褌邪褖懈褌褜,906
褍谢械褌械褌褜,906
斜褉邪褌褋褌胁芯,906
屑械褉蟹泻懈泄,905
锌芯褋褌芯褟薪薪褘泄,904
谢褞斜芯锌褘褌褋褌胁芯,904
褍褋谢褍谐邪,904
褋芯卸邪谢械褌褜,903
褉邪蟹谐谢褟写械褌褜,903
锌芯写斜褉芯褋懈褌褜,903
褕懈褕泻邪,903
锌褉械写褋褌邪胁懈褌褜褋褟,902
褎邪薪褌邪蟹懈褟,901
斜芯谢械褌褜,901
胁芯锌褉械泻懈,900
褉邪褋褋屑邪褌褉懈胁邪褌褜,899
褍写械褉卸邪褌褜褋褟,899
褉芯蟹褘褋泻,899
锌邪褉邪写,898
褉械胁薪芯胁邪褌褜,897
斜褍写懈褌褜,896
胁褘泻褍锌,896
芯褋械薪褜褞,895
褋谢械写芯胁邪褌械谢褜,895
锌褉芯褋屑芯褌褉械褌褜,894
胁芯褋锌芯屑懈薪邪薪懈械,894
褍薪懈褌邪蟹,894
褉邪褋褋褌褉邪懈胁邪褌褜,894
屑谢邪写械薪械褑,893
锌芯写褗械屑,893
芯褎懈褑懈邪谢褜薪褘泄,893
薪褍卸薪褘泄,892
褋谢邪斜邪泻,892
芯褋褍褖械褋褌胁懈褌褜,892
褔械谢褞褋褌褜,890
胁蟹褟褌褜褋褟,890
褋械褉褘泄,890
褌械屑薪邪褟,889
屑褍蟹褘泻邪薪褌,888
斜谢械褋泻,887
斜邪褉邪褏谢芯,887
卸褍褔芯泻,887
芯斜褋褌邪薪芯胁泻邪,886
泻芯屑锌谢械泻褋,886
蟹邪斜褉邪褌褜褋褟,886
褋芯屑薪械薪懈械,885
锌芯斜懈褌褜,885
褍褉芯卸邪泄,884
褌械屑薪褘泄,884
锌褉懈谐芯写懈褌褜褋褟,884
褉芯卸邪褌褜,883
褉邪蟹胁械写泻邪,882
锌褉懈褋褌褍锌懈褌褜,881
胁芯薪褜,881
胁芯褉芯胁邪褌褜,880
褔褍写芯屑,880
褋褌褉械谢邪,880
锌褉械褉胁邪褌褜,878
蟹邪褌械褟,878
谢懈褏芯褉邪写泻邪,878
胁褔械褉邪褕薪懈泄,877
薪邪褋械谢械薪懈械,877
锌褉芯懈褋褏芯写懈褌褜,876
泻褍斜芯泻,876
褋泻褍褔薪褘泄,875
褋褉邪胁薪懈褌褜,875
芯泻芯,875
褏芯褉,874
胁锌褉械写褜,874
褌褉械斜芯胁邪褌褜,874
锌芯薪褟褌懈械,874
锌谢褘褌褜,873
锌械褉械写邪褌褔懈泻,873
褋芯芯斜褖械褋褌胁芯,872
褋械褋褌褉械薪泻邪,872
褟写褉芯,872
褋褌褉邪卸邪,872
褝褏芯,871
屑邪褋褌械褉褋泻芯泄,870
屑芯褉谐,870
泻芯褉邪,870
谐褉懈锌锌,870
褔械褉械锌邪褏邪,870
薪邪写械胁邪褌褜,869
薪邪褍褔薪褘泄,869
褋芯胁械褉褕械薪褋褌胁芯,868
锌械褉械褋械褔褜,868
屑懈褎,868
斜械褋褋屑褘褋谢懈褑邪,867
锌褉芯懈蟹胁械写械薪懈械,867
褎械褟,866
蟹邪胁褟蟹邪褌褜,866
锌褍蟹褘褉褜,865
褔褍屑邪,865
蟹邪泻谢褞褔械薪薪褘泄,865
锌芯褋褘谢泻邪,865
褍胁械蟹褌懈,864
锌褉械锌邪褉邪褌,864
屑懈褕械薪褜,863
屑械写,863
写芯斜褉芯屑,863
褏懈锌锌懈,862
褋褌芯谢泻薪褍褌褜褋褟,862
斜懈斜谢懈芯褌械泻邪,861
芯褌胁褉邪褌懈褌械谢褜薪褘泄,860
褉械锌械褌懈褑懈褟,860
蟹邪胁懈褋懈屑芯褋褌褜,859
锌械褉械写芯褏薪褍褌褜,859
写褉邪屑邪,859
褔械屑锌懈芯薪邪褌,859
斜褍褌械褉斜褉芯写,858
屑芯谢芯写褔懈薪邪,858
卸械谢械,858
芯褌芯斜褉邪褌褜,858
泻褉邪褋邪胁械褑,857
褉邪蟹胁械褋褌懈褋褜,856
锌懈褖邪,856
胁械褋械谢褘泄,855
谐械薪械褉邪谢褜薪褘泄,855
褍写懈胁谢械薪懈械,854
褋械褉写褑械斜懈械薪懈械,854
蟹谢芯写械泄,853
锌褉械写,853
锌械褉械薪芯褔械胁邪褌褜,853
卸械谢械蟹薪褘泄,853
懈泻褋,853
胁褉械屑械薪薪芯泄,852
谢械谐泻懈械,852
锌褉芯写械褉卸邪褌褜褋褟,852
锌械褔褜,852
芯褌褉邪卸械薪懈械,851
胁褋褌邪胁懈褌褜,850
锌芯褏芯卸懈泄,850
芯屑谢械褌,850
褌邪泄泻芯屑,850
写芯谐薪邪褌褜,850
谐懈谐邪薪褌褋泻懈泄,850
泻芯写械泻褋,848
胁褘褍褔懈褌褜,847
薪械芯斜褘褔薪褘泄,846
芯锌褉械写械谢械薪懈械,846
锌械褉械斜芯褉,846
芯褌芯,845
薪械懈蟹胁械褋褌薪褘泄,844
蟹邪写械褉卸邪褌褜褋褟,843
褋芯褉胁邪褌褜,843
芯褌褋械泻,843
泻芯谢,842
褋芯泻褉邪褌懈褌褜,842
写卸邪蟹,842
泻褍泻芯谢泻邪,841
斜褘泻,841
褋械褉褜械蟹薪褘泄,840
写芯薪械褋褌懈,839
泻褉褞泻,839
褑邪褉褋褌胁芯,838
泻谢邪褋褋懈褔械褋泻懈泄,838
褋芯写械褉卸邪褌褜,837
芯褌胁械褌褋褌胁械薪薪褘泄,836
薪械褎褌褜,836
芯褋胁芯斜芯写懈褌褜褋褟,835
褋芯写械褉卸懈屑芯械,834
卸械谢褌褘泄,834
褋邪屑芯褔褍胁褋褌胁懈械,833
屑褍褉邪褕泻懈,833
锌褋懈褏芯锌邪褌,832
锌谢械薪,831
锌褘褌邪褌褜,830
褉邪蟹写芯斜褘褌褜,830
锌褟谢懈褌褜褋褟,830
褌芯褉谐芯胁械褑,830
邪泻褌械褉,829
芯褔泻芯,829
锌芯褉芯谐,828
懈薪褌褍懈褑懈褟,828
薪邪锌芯屑懈薪邪薪懈械,828
泻褍锌芯谢,827
褋泻芯薪褑械薪褌褉懈褉芯胁邪褌褜褋褟,827
薪邪锌懈褌褜褋褟,826
薪械胁械褉芯褟褌薪褘泄,826
褋芯褌薪褟,826
邪薪谐谢懈褔邪薪械,826
褕芯泻芯谢邪写薪褘泄,826
褕邪薪褌邪卸,826
褋锌芯褉褌懈胁薪褘泄,825
褌邪谢懈褋屑邪薪,825
懈褋褏芯写,825
褋锌邪褋褌懈褋褜,824
芯褌褑芯胁,823
写卸褍薪谐谢懈,823
谐芯褋褍写邪褉褋褌胁械薪薪褘泄,823
胁芯写泻邪,823
屑械卸写褍薪邪褉芯写薪褘泄,823
芯写芯谢械褌褜,823
褔邪泄薪懈泻,822
蟹邪锌邪谢,821
卸褍褌褜,820
褔械褌胁械褉褌褘泄,819
褌褉懈褋褌邪,819
胁械褉褏芯胁薪褘泄,818
胁薪械褕薪懈泄,818
褉芯蟹褘谐褉褘褕,818
褌褍褉薪懈褉,818
锌芯斜褘胁邪褌褜,818
芯褌芯褉胁邪褌褜褋褟,818
褉械谢懈谐懈褟,818
谢懈褎褔懈泻,817
褏谢芯锌褜褟,817
褋褘锌褜,816
褋锌芯褋芯斜薪褘泄,816
薪邪褋褌褉芯泄,815
邪谢谢邪褏,814
褎褍褌斜芯谢泻邪,814
邪胁褌芯,814
泻芯屑邪薪写芯胁邪褌褜,813
褋邪褉邪泄,813
芯锌芯蟹写邪褌褜,813
泻薪芯锌泻邪,812
薪邪胁械褋褌懈,812
泻邪褉褌芯褕泻邪,812
褑械薪薪褘泄,811
泻褉芯褌,811
锌褉芯胁芯写,811
胁芯蟹写褍褕薪褘泄,811
写褉械胁薪懈泄,810
泻邪锌谢褟,810
薪邪写褉邪褌褜,810
锌褉械写薪邪蟹薪邪褔械薪懈械,809
褉械胁芯谢褜胁械褉,809
褉邪褋邪,809
锌芯褋胁褟褌懈褌褜,809
锌褉芯薪懈泻薪芯胁械薪懈械,808
褋褉邪卸械薪懈械,808
薪邪锌邪写邪褌褜,808
泻谢械泄,808
褌褉褍斜邪,807
锌芯褋芯斜懈械,807
芯褌胁谢械褔褜褋褟,807
锌械褉械胁芯写褔懈泻,807
蟹邪褉邪蟹邪,806
褋谢芯卸懈褌褜,806
斜褍泻械褌,806
胁屑械褕邪褌械谢褜褋褌胁芯,805
泻懈谢芯,804
锌芯褌褉芯谐邪褌褜,803
芯褌褌芯谐芯,803
褉械写泻懈泄,803
褌芯褉懈,803
褋褌邪褉褍褏邪,802
锌芯写胁械褋褌懈,802
褕邪薪褌邪卸懈褉芯胁邪褌褜,802
邪褍泻褑懈芯薪,801
泻芯薪写懈褑懈芯薪械褉,801
褋芯斜谢邪蟹薪懈褌褜,801
蟹邪屑邪薪懈褌褜,801
邪谢泻芯谐芯谢懈泻,800
薪邪褋谢械写薪懈泻,800
屑芯谐懈谢邪,800
泻邪褉邪薪写邪褕,800
谢懈褋邪,800
写邪薪褜,799
斜芯谢褌芯胁薪褟,799
锌褉懈泻邪褋邪褌褜褋褟,798
褋褏胁邪褌泻懈,798
泻谢懈薪懈泻邪,798
胁褘褉械蟹邪褌褜,797
锌芯褌芯谢芯泻,797
锌芯卸邪褉薪褘泄,797
蟹薪邪屑械薪懈褌芯褋褌褜,797
蟹邪锌褍谐邪褌褜,797
斜褍褏谐邪谢褌械褉,796
锌械褉械褏芯写,795
褏胁邪褌懈褌褜,795
褝泻蟹械屑锌谢褟褉,794
斜懈泻懈薪懈,794
泻褉邪褋泻邪,794
懈谢谢褞蟹懈褟,794
锌芯写芯蟹褉械薪懈械,793
褉邪褋锌谢邪褌懈褌褜褋褟,793
锌芯褋邪写泻邪,793
褉邪蟹胁谢械褔褜褋褟,792
谢芯卸懈褌褜褋褟,792
锌芯胁褘褋懈褌褜,792
褋械泻褍薪写邪,791
泻褉芯胁邪胁褘泄,791
褍泻邪蟹邪褌褜,790
屑邪屑邪褕邪,790
褋谢芯薪,790
斜邪薪写懈褌,788
锌芯写褏芯写懈褌褜,787
胁芯褋褜屑芯泄,787
写芯胁械褉懈褌褜,787
锌褜械褋邪,787
锌芯褋褌褉邪写邪褌褜,787
写械胁懈蟹,786
斜邪褕薪褟,786
薪械胁械褉薪褘泄,786
褋谢械写芯屑,785
芯褋械谢,785
芯褑械薪泻邪,785
锌械锌械谢,784
懈薪褎芯褉屑邪褌芯褉,784
褍锌褉褟屑褘泄,784
芯褋褌邪谢褜薪芯泄,784
褟褉泻懈泄,784
写芯锌褉邪褕懈胁邪褌褜,784
薪邪锌芯褋谢械写芯泻,783
斜褉懈谢谢懈邪薪褌,783
薪械写胁懈卸懈屑芯褋褌褜,783
褉邪褋褋胁械褌,783
锌邪谢,782
褋邪谢褞褌,782
锌芯写褘褕邪褌褜,781
褋锌邪褋懈褌械谢褜,780
褍褋泻芯褉懈褌褜,780
薪懈褌褜,780
锌褉懈胁芯写懈褌褜,780
卸懈谢械褌,780
褋谢懈胁泻懈,780
锌懈泻,779
胁褋谢械写,779
锌褟褌褜褋芯褌,779
屑芯褉邪谢褜,779
芯褌锌芯褉,778
锌邪褉邪薪芯泄褟,778
卸邪褋屑懈薪,778
邪褉谐褍屑械薪褌,778
写褍褉薪芯泄,778
泻褉懈褋褌邪谢谢,777
褋芯械写懈薪懈褌褜,776
锌褉懈蟹胁邪薪懈械,776
写芯褌谢邪,775
泻谢邪薪,774
斜谢邪谐芯褉芯写薪褘泄,773
屑邪褌械屑邪褌懈泻邪,773
泻芯泻褋,773
褏褉邪斜褉芯褋褌褜,772
褍屑械薪褜褕懈褌褜,772
薪褘褌褜,772
蟹邪斜懈褌褜,771
蟹邪谐芯胁芯褉懈褌褜,771
懈蟹写械胁邪褌褜褋褟,771
褉褘褔邪谐,771
褋芯蟹写邪褌械谢褜,770
屑褍褔懈褌褜,770
褌胁芯褉懈褌褜,769
胁芯褋褋褌邪薪懈械,769
蟹邪褌泻薪褍褌褜,769
褟胁懈褌褜褋褟,768
锌芯锌懈褋邪褌褜,768
褉邪蟹褘褋泻邪褌褜,768
写械泻邪薪,768
褉邪褋褌械薪懈械,767
锌芯泻褍褕械薪懈械,767
泻邪薪褍薪,767
械锌懈褋泻芯锌,766
谐褉邪卸写邪薪褋泻懈泄,766
写卸懈锌,765
褋薪邪泄锌械褉,764
褌芯谢褋褌褟泻,764
薪褘薪械,763
卸械褋褌泻懈泄,763
胁褉褍褔薪褍褞,761
蟹械屑薪芯泄,761
蟹邪胁褌褉邪泻邪褌褜,760
胁邪薪薪邪,760
褌芯薪薪械谢褜,760
芯褉懈谐懈薪邪谢,759
锌芯褔懈褋褌懈褌褜,759
胁薪褍褔泻邪,759
屑芯谢,758
褋屑械褉褌械谢褜薪褘泄,758
芯褉械谢,757
胁褉邪薪褜械,757
锌褉械胁褉邪褌懈褌褜褋褟,757
锌芯写薪懈屑邪褌褜褋褟,756
褍写邪褔薪褘泄,756
褌芯褉屑芯蟹,756
褑懈泻谢,756
蟹薪邪泻芯屑褋褌胁芯,756
屑懈谢芯褋械褉写懈械,755
谐芯褉械褌褜,755
懈蟹芯斜褉械褌械薪懈械,755
斜邪褉褜械褉,755
锌芯薪械屑薪芯谐褍,755
谢褘褋褘泄,754
褟斜谢芯褔泻芯,754
卸懈谢褜械,754
胁械褉褌芯谢械褌,754
谐褉褍褋褌薪褘泄,753
锌褉懈胁谢械泻邪褌械谢褜薪褘泄,751
锌芯屑褘褌褜,751
泻褉褞褔芯泻,751
锌褉芯懈褋褕械褋褌胁懈械,751
屑械褌褉,751
泻邪屑锌邪薪懈褟,750
胁褘褔懈褋谢懈褌褜,750
褍谢芯卸懈褌褜,750
褌芯锌,750
褋褌邪写芯,750
斜械蟹芯锌邪褋薪褘泄,749
锌褉械褉褘胁邪褌褜,748
褋芯谐谢邪褕邪褌褜褋褟,748
褉褍卸褜械,747
薪械褍胁邪卸械薪懈械,747
芯褌锌褉邪胁谢褟褌褜褋褟,747
褋芯斜邪褔泻邪,747
锌褉芯褖邪褌褜褋褟,747
写胁懈谐邪褌褜,746
屑褟褋薪懈泻,746
芯褌锌谢邪褌懈褌褜,746
锌芯谢褜蟹邪,746
锌邪谢邪褌邪,746
褉邪蟹胁谢械褔械薪懈械,745
褋胁芯写懈褌褜,744
芯斜邪谢写械褌褜,744
胁械褔薪褘泄,743
胁锌褍褋褌懈褌褜,743
谐褉邪斜懈褌械谢褜,743
屑械褌邪谢谢,742
胁芯褉芯胁褋褌胁芯,742
谐芯谢芯胁薪芯泄,741
泻芯屑邪薪写褍褞褖懈泄,741
锌褉芯褕械薪懈械,741
褉邪胁薪芯胁械褋懈械,740
泻邪蟹薪懈褌褜,740
薪械蟹邪写芯谢谐芯,739
薪械泻褌芯,739
锌懈褌邪褌褜褋褟,739
芯褌褔邪褟薪懈械,739
屑械褉褌胁褘泄,739
芯斜蟹芯褉,738
锌芯斜械褋械写芯胁邪褌褜,738
胁芯泻蟹邪谢,738
褉邪褋褋褍写芯泻,738
褔邪褋褌械薪褜泻芯,738
褎芯薪褌邪薪,737
胁芯褋械屑褜写械褋褟褌,737
褉芯谢懈泻,735
锌械褉械褑,735
锌芯褉褌褎械谢褜,734
褋邪褌邪薪邪,733
锌芯谢芯褋邪,733
褉邪蟹芯泄褌懈褋褜,733
写芯褋褌懈卸械薪懈械,733
褉邪褋褕懈褉懈褌褜,733
褍褔械褋褌褜,733
锌褉懈胁械褌褋褌胁芯胁邪褌褜,733
蟹邪谐谢邪写懈褌褜,732
泻芯谢芯写械褑,732
胁褘褋褌邪胁泻邪,732
褉械胁薪芯褋褌褜,731
褉邪蟹褍蟹薪邪褌褜,731
写芯谢卸薪懈泻,731
褍褔械薪褘泄,731
芯褋胁械褖械薪懈械,731
懈蟹屑械薪邪,730
蟹邪锌褉械褌懈褌褜,730
褕懈泻邪褉薪褘泄,730
褋褏芯写褋褌胁芯,730
蟹邪薪芯蟹邪,730
锌芯谢邪谐邪褌褜褋褟,730
屑芯谢芯写械卸褜,730
胁蟹写芯褏,730
懈薪写械泄褑褘,729
蟹邪写芯屑,729
褋谢褍褕邪褌褜褋褟,728
锌芯胁褉械写懈褌褜,728
褎芯薪邪褉褜,728
锌褍写懈薪谐,728
锌褉械胁褘褕械,728
薪邪屑械泻,728
锌械褉械胁械蟹褌懈,727
蟹胁褍褔邪褌褜,727
泻邪褉褌芯褎械谢褜,727
芯斜褗械写懈薪懈褌褜,727
斜褉芯写褟谐邪,726
锌械褉械屑懈褉懈械,726
锌褉芯斜芯胁邪褌褜,726
蟹邪屑械薪邪,726
斜褍泻胁邪,725
屑械褉褌胁械褑,725
胁械蟹褌懈,725
褋褌褍褔邪褌褜,725
邪谢谢懈谢褍泄褟,725
锌褘褌泻邪,725
胁邪谢懈褌褜,724
写芯斜褘褔邪,723
褔械褉薪懈谢邪,722
褟胁谢械薪懈械,722
斜谢械褋褌褟褖懈泄,721
芯褌褋褌邪胁懈褌褜,721
泻邪谢懈斜褉,721
谐芯褋褌懈薪懈褑邪,721
锌褉芯谐薪芯蟹,721
锌邪褍泻,721
胁斜谢懈蟹懈,721
屑邪薪懈锌褍谢懈褉芯胁邪褌褜,720
薪邪谢芯卸懈褌褜,720
芯褌薪褞写褜,720
褉邪褋锌芯褉褟卸械薪懈械,719
斜懈斜谢懈褟,719
蟹械屑谢械褌褉褟褋械薪懈械,719
褋械屑褜写械褋褟褌,718
褋泻褉芯屑薪褘泄,718
谢懈屑褍蟹懈薪,718
芯锌谢邪褌邪,718
写芯褋泻邪,717
写芯蟹邪,717
褝褋褋械,717
褌械褌褉邪写褜,716
褋胁褘褕械,716
褌褜褎褍,715
